"E/V","I/uA"
9.9500000E-02,3.1409200E+01
9.9000000E-02,5.3379000E+00
9.8500000E-02,2.8126000E+00
9.8000000E-02,1.6380000E+00
9.7500000E-02,1.5421000E+00
9.7000000E-02,9.1210000E-01
9.6500000E-02,1.0132000E+00
9.6000000E-02,5.9150000E-01
9.5500000E-02,8.2210000E-01
9.5000000E-02,4.2980000E-01
9.4500000E-02,5.9450000E-01
9.4000000E-02,3.2230000E-01
9.3500000E-02,4.9540000E-01
9.3000000E-02,1.5210000E-01
9.2500000E-02,2.8560000E-01
9.2000000E-02,-9.7000000E-03
9.1500000E-02,2.1700000E-01
9.1000000E-02,-9.2800000E-02
9.0500000E-02,7.8000000E-02
9.0000000E-02,-1.8870000E-01
8.9500000E-02,7.9500000E-02
8.9000000E-02,-2.2320000E-01
8.8500000E-02,4.1900000E-02
8.8000000E-02,-2.4360000E-01
8.7500000E-02,-7.8000000E-03
8.7000000E-02,-3.3050000E-01
8.6500000E-02,1.0100000E-02
8.6000000E-02,-2.6740000E-01
8.5500000E-02,3.9000000E-03
8.5000000E-02,-2.3210000E-01
8.4500000E-02,-5.0900000E-02
8.4000000E-02,-2.2410000E-01
8.3500000E-02,-1.3200000E-02
8.3000000E-02,-2.1500000E-01
8.2500000E-02,-2.1200000E-02
8.2000000E-02,-2.1760000E-01
8.1500000E-02,8.8000000E-03
8.1000000E-02,-2.0600000E-01
8.0500000E-02,-1.7900000E-02
8.0000000E-02,-1.7410000E-01
7.9500000E-02,1.3000000E-02
7.9000000E-02,-2.6540000E-01
7.8500000E-02,-5.9000000E-02
7.8000000E-02,-2.0120000E-01
7.7500000E-02,-4.2900000E-02
7.7000000E-02,-2.8200000E-01
7.6500000E-02,1.9000000E-03
7.6000000E-02,-2.1310000E-01
7.5500000E-02,-7.6000000E-02
7.5000000E-02,-1.8520000E-01
7.4500000E-02,-6.3700000E-02
7.4000000E-02,-2.4690000E-01
7.3500000E-02,-6.3600000E-02
7.3000000E-02,-2.4670000E-01
7.2500000E-02,-1.0760000E-01
7.2000000E-02,-2.9310000E-01
7.1500000E-02,-2.3620000E-01
7.1000000E-02,-3.9920000E-01
7.0500000E-02,-3.3790000E-01
7.0000000E-02,-4.5130000E-01
6.9500000E-02,-3.8570000E-01
6.9000000E-02,-4.7260000E-01
6.8500000E-02,-4.2210000E-01
6.8000000E-02,-4.8130000E-01
6.7500000E-02,-3.3300000E-01
6.7000000E-02,-5.3520000E-01
6.6500000E-02,-3.1720000E-01
6.6000000E-02,-5.0020000E-01
6.5500000E-02,-2.9520000E-01
6.5000000E-02,-4.4520000E-01
6.4500000E-02,-2.0300000E-01
6.4000000E-02,-4.2380000E-01
6.3500000E-02,-2.6340000E-01
6.3000000E-02,-4.1870000E-01
6.2500000E-02,-2.5340000E-01
6.2000000E-02,-3.6130000E-01
6.1500000E-02,-1.8510000E-01
6.1000000E-02,-3.4120000E-01
6.0500000E-02,-1.5710000E-01
6.0000000E-02,-3.8320000E-01
5.9500000E-02,-2.3270000E-01
5.9000000E-02,-3.7090000E-01
5.8500000E-02,-1.8980000E-01
5.8000000E-02,-2.9430000E-01
5.7500000E-02,-1.6070000E-01
5.7000000E-02,-3.1860000E-01
5.6500000E-02,-1.9970000E-01
5.6000000E-02,-3.1470000E-01
5.5500000E-02,-1.8930000E-01
5.5000000E-02,-3.3340000E-01
5.4500000E-02,-2.3230000E-01
5.4000000E-02,-3.0070000E-01
5.3500000E-02,-1.5980000E-01
5.3000000E-02,-2.8360000E-01
5.2500000E-02,-1.8380000E-01
5.2000000E-02,-3.0240000E-01
5.1500000E-02,-2.3210000E-01
5.1000000E-02,-3.7090000E-01
5.0500000E-02,-3.4310000E-01
5.0000000E-02,-4.4740000E-01
4.9500000E-02,-4.4240000E-01
4.9000000E-02,-5.2190000E-01
4.8500000E-02,-4.4630000E-01
4.8000000E-02,-5.0570000E-01
4.7500000E-02,-4.2920000E-01
4.7000000E-02,-6.0970000E-01
4.6500000E-02,-4.6840000E-01
4.6000000E-02,-5.7320000E-01
4.5500000E-02,-4.2100000E-01
4.5000000E-02,-5.6500000E-01
4.4500000E-02,-3.5660000E-01
4.4000000E-02,-4.9550000E-01
4.3500000E-02,-3.9590000E-01
4.3000000E-02,-5.2450000E-01
4.2500000E-02,-3.3910000E-01
4.2000000E-02,-4.4720000E-01
4.1500000E-02,-3.4240000E-01
4.1000000E-02,-4.9610000E-01
4.0500000E-02,-3.5850000E-01
4.0000000E-02,-3.4080000E-01
3.9500000E-02,-2.5800000E-01
3.9000000E-02,-3.5860000E-01
3.8500000E-02,-2.5210000E-01
3.8000000E-02,-5.2250000E-01
3.7500000E-02,-3.1170000E-01
3.7000000E-02,-3.1430000E-01
3.6500000E-02,-2.0400000E-01
3.6000000E-02,-3.1150000E-01
3.5500000E-02,-2.6620000E-01
3.5000000E-02,-3.5320000E-01
3.4500000E-02,-3.1000000E-01
3.4000000E-02,-3.7740000E-01
3.3500000E-02,-1.7080000E-01
3.3000000E-02,-3.5130000E-01
3.2500000E-02,-1.7500000E-01
3.2000000E-02,-3.6500000E-01
3.1500000E-02,-2.3880000E-01
3.1000000E-02,-4.2440000E-01
3.0500000E-02,-3.1110000E-01
3.0000000E-02,-3.5290000E-01
2.9500000E-02,-2.7420000E-01
2.9000000E-02,-5.0680000E-01
2.8500000E-02,-4.6160000E-01
2.8000000E-02,-6.5490000E-01
2.7500000E-02,-5.8710000E-01
2.7000000E-02,-5.4560000E-01
2.6500000E-02,-4.5450000E-01
2.6000000E-02,-5.9060000E-01
2.5500000E-02,-4.9870000E-01
2.5000000E-02,-6.9830000E-01
2.4500000E-02,-4.8740000E-01
2.4000000E-02,-5.3650000E-01
2.3500000E-02,-3.3110000E-01
2.3000000E-02,-4.4530000E-01
2.2500000E-02,-4.4110000E-01
2.2000000E-02,-5.1580000E-01
2.1500000E-02,-3.9560000E-01
2.1000000E-02,-5.3640000E-01
2.0500000E-02,-3.1870000E-01
2.0000000E-02,-3.9550000E-01
1.9500000E-02,-2.6340000E-01
1.9000000E-02,-3.9720000E-01
1.8500000E-02,-3.1790000E-01
1.8000000E-02,-4.2000000E-01
1.7500000E-02,-2.8540000E-01
1.7000000E-02,-4.2330000E-01
1.6500000E-02,-3.1170000E-01
1.6000000E-02,-3.7680000E-01
1.5500000E-02,-2.7890000E-01
1.5000000E-02,-3.9220000E-01
1.4500000E-02,-2.7700000E-01
1.4000000E-02,-3.9290000E-01
1.3500000E-02,-3.1750000E-01
1.3000000E-02,-3.5120000E-01
1.2500000E-02,-2.8090000E-01
1.2000000E-02,-3.7170000E-01
1.1500000E-02,-3.2610000E-01
1.1000000E-02,-3.9190000E-01
1.0500000E-02,-2.8180000E-01
1.0000000E-02,-3.3240000E-01
9.5000000E-03,-2.4190000E-01
9.0000000E-03,-4.3250000E-01
8.5000000E-03,-4.2510000E-01
8.0000000E-03,-4.9860000E-01
7.5000000E-03,-4.7510000E-01
7.0000000E-03,-5.9930000E-01
6.5000000E-03,-5.6260000E-01
6.0000000E-03,-6.0580000E-01
5.5000000E-03,-5.8890000E-01
5.0000000E-03,-6.7550000E-01
4.5000000E-03,-5.1650000E-01
4.0000000E-03,-5.1460000E-01
3.5000000E-03,-5.0520000E-01
3.0000000E-03,-6.0710000E-01
2.5000000E-03,-5.0600000E-01
2.0000000E-03,-4.6010000E-01
1.5000000E-03,-4.4400000E-01
1.0000000E-03,-4.9750000E-01
5.0000000E-04,-4.3060000E-01
0.0000000E+00,-4.8720000E-01
-5.0000000E-04,-4.1010000E-01
-1.0000000E-03,-4.2590000E-01
-1.5000000E-03,-3.7460000E-01
-2.0000000E-03,-4.1230000E-01
-2.5000000E-03,-4.0380000E-01
-3.0000000E-03,-3.7440000E-01
-3.5000000E-03,-3.6370000E-01
-4.0000000E-03,-3.8810000E-01
-4.5000000E-03,-2.9010000E-01
-5.0000000E-03,-3.4580000E-01
-5.5000000E-03,-3.5000000E-01
-6.0000000E-03,-3.7860000E-01
-6.5000000E-03,-2.7530000E-01
-7.0000000E-03,-2.8290000E-01
-7.5000000E-03,-3.4460000E-01
-8.0000000E-03,-3.8710000E-01
-8.5000000E-03,-3.2020000E-01
-9.0000000E-03,-3.3050000E-01
-9.5000000E-03,-3.5350000E-01
-1.0000000E-02,-3.2330000E-01
-1.0500000E-02,-3.1080000E-01
-1.1000000E-02,-3.3850000E-01
-1.1500000E-02,-3.6670000E-01
-1.2000000E-02,-4.1500000E-01
-1.2500000E-02,-3.9010000E-01
-1.3000000E-02,-4.5260000E-01
-1.3500000E-02,-5.6570000E-01
-1.4000000E-02,-5.4540000E-01
-1.4500000E-02,-5.7270000E-01
-1.5000000E-02,-6.0180000E-01
-1.5500000E-02,-5.3880000E-01
-1.6000000E-02,-5.6070000E-01
-1.6500000E-02,-6.0120000E-01
-1.7000000E-02,-5.9570000E-01
-1.7500000E-02,-5.6060000E-01
-1.8000000E-02,-4.6500000E-01
-1.8500000E-02,-5.0710000E-01
-1.9000000E-02,-5.3540000E-01
-1.9500000E-02,-4.9530000E-01
-2.0000000E-02,-4.5850000E-01
-2.0500000E-02,-4.0450000E-01
-2.1000000E-02,-4.1520000E-01
-2.1500000E-02,-4.1730000E-01
-2.2000000E-02,-4.6390000E-01
-2.2500000E-02,-4.2930000E-01
-2.3000000E-02,-4.1590000E-01
-2.3500000E-02,-3.9910000E-01
-2.4000000E-02,-3.8290000E-01
-2.4500000E-02,-3.6170000E-01
-2.5000000E-02,-4.2910000E-01
-2.5500000E-02,-4.4110000E-01
-2.6000000E-02,-3.7570000E-01
-2.6500000E-02,-3.5110000E-01
-2.7000000E-02,-3.5930000E-01
-2.7500000E-02,-3.2160000E-01
-2.8000000E-02,-3.5200000E-01
-2.8500000E-02,-4.2720000E-01
-2.9000000E-02,-3.7790000E-01
-2.9500000E-02,-3.6060000E-01
-3.0000000E-02,-3.0170000E-01
-3.0500000E-02,-3.3080000E-01
-3.1000000E-02,-3.2760000E-01
-3.1500000E-02,-3.2360000E-01
-3.2000000E-02,-2.9760000E-01
-3.2500000E-02,-3.0860000E-01
-3.3000000E-02,-4.2640000E-01
-3.3500000E-02,-4.6900000E-01
-3.4000000E-02,-4.9980000E-01
-3.4500000E-02,-5.1170000E-01
-3.5000000E-02,-5.1990000E-01
-3.5500000E-02,-5.7480000E-01
-3.6000000E-02,-5.5330000E-01
-3.6500000E-02,-5.5450000E-01
-3.7000000E-02,-5.9850000E-01
-3.7500000E-02,-6.5200000E-01
-3.8000000E-02,-6.1570000E-01
-3.8500000E-02,-5.7450000E-01
-3.9000000E-02,-5.4350000E-01
-3.9500000E-02,-5.5230000E-01
-4.0000000E-02,-5.6500000E-01
-4.0500000E-02,-5.1170000E-01
-4.1000000E-02,-4.1870000E-01
-4.1500000E-02,-4.7690000E-01
-4.2000000E-02,-4.1080000E-01
-4.2500000E-02,-4.3660000E-01
-4.3000000E-02,-3.9560000E-01
-4.3500000E-02,-4.1000000E-01
-4.4000000E-02,-3.9190000E-01
-4.4500000E-02,-4.3830000E-01
-4.5000000E-02,-3.5120000E-01
-4.5500000E-02,-4.1370000E-01
-4.6000000E-02,-4.0030000E-01
-4.6500000E-02,-4.4710000E-01
-4.7000000E-02,-4.0110000E-01
-4.7500000E-02,-3.8290000E-01
-4.8000000E-02,-3.7550000E-01
-4.8500000E-02,-3.9410000E-01
-4.9000000E-02,-2.9530000E-01
-4.9500000E-02,-3.5110000E-01
-5.0000000E-02,-3.5010000E-01
-5.0500000E-02,-3.6670000E-01
-5.1000000E-02,-3.2450000E-01
-5.1500000E-02,-3.1420000E-01
-5.2000000E-02,-2.9160000E-01
-5.2500000E-02,-3.2580000E-01
-5.3000000E-02,-2.8530000E-01
-5.3500000E-02,-3.5380000E-01
-5.4000000E-02,-3.5350000E-01
-5.4500000E-02,-4.7640000E-01
-5.5000000E-02,-4.3220000E-01
-5.5500000E-02,-4.8520000E-01
-5.6000000E-02,-4.7790000E-01
-5.6500000E-02,-6.7040000E-01
-5.7000000E-02,-5.8680000E-01
-5.7500000E-02,-6.1700000E-01
-5.8000000E-02,-5.1420000E-01
-5.8500000E-02,-5.8470000E-01
-5.9000000E-02,-5.1940000E-01
-5.9500000E-02,-5.7900000E-01
-6.0000000E-02,-4.6600000E-01
-6.0500000E-02,-5.2210000E-01
-6.1000000E-02,-4.5610000E-01
-6.1500000E-02,-4.6600000E-01
-6.2000000E-02,-3.5640000E-01
-6.2500000E-02,-5.0680000E-01
-6.3000000E-02,-4.1930000E-01
-6.3500000E-02,-4.4910000E-01
-6.4000000E-02,-3.9320000E-01
-6.4500000E-02,-4.4660000E-01
-6.5000000E-02,-3.7810000E-01
-6.5500000E-02,-4.1540000E-01
-6.6000000E-02,-3.5090000E-01
-6.6500000E-02,-4.3100000E-01
-6.7000000E-02,-3.4640000E-01
-6.7500000E-02,-4.4550000E-01
-6.8000000E-02,-3.2810000E-01
-6.8500000E-02,-4.8210000E-01
-6.9000000E-02,-4.2800000E-01
-6.9500000E-02,-3.8190000E-01
-7.0000000E-02,-3.6010000E-01
-7.0500000E-02,-4.1790000E-01
-7.1000000E-02,-3.8970000E-01
-7.1500000E-02,-4.2260000E-01
-7.2000000E-02,-3.5240000E-01
-7.2500000E-02,-3.9040000E-01
-7.3000000E-02,-3.7020000E-01
-7.3500000E-02,-3.4630000E-01
-7.4000000E-02,-3.2530000E-01
-7.4500000E-02,-3.6600000E-01
-7.5000000E-02,-3.1370000E-01
-7.5500000E-02,-4.1920000E-01
-7.6000000E-02,-4.7110000E-01
-7.6500000E-02,-5.9620000E-01
-7.7000000E-02,-5.3260000E-01
-7.7500000E-02,-6.5110000E-01
-7.8000000E-02,-5.5360000E-01
-7.8500000E-02,-6.4180000E-01
-7.9000000E-02,-4.9180000E-01
-7.9500000E-02,-6.2220000E-01
-8.0000000E-02,-5.3840000E-01
-8.0500000E-02,-6.1420000E-01
-8.1000000E-02,-5.6720000E-01
-8.1500000E-02,-6.4870000E-01
-8.2000000E-02,-4.9080000E-01
-8.2500000E-02,-6.0160000E-01
-8.3000000E-02,-4.4710000E-01
-8.3500000E-02,-5.8250000E-01
-8.4000000E-02,-4.4070000E-01
-8.4500000E-02,-4.5610000E-01
-8.5000000E-02,-3.5940000E-01
-8.5500000E-02,-5.1740000E-01
-8.6000000E-02,-3.7350000E-01
-8.6500000E-02,-5.1130000E-01
-8.7000000E-02,-4.1660000E-01
-8.7500000E-02,-5.3020000E-01
-8.8000000E-02,-2.5900000E-01
-8.8500000E-02,-4.3070000E-01
-8.9000000E-02,-3.0980000E-01
-8.9500000E-02,-4.3160000E-01
-9.0000000E-02,-2.4570000E-01
-9.0500000E-02,-5.0280000E-01
-9.1000000E-02,-3.4320000E-01
-9.1500000E-02,-4.0720000E-01
-9.2000000E-02,-3.2340000E-01
-9.2500000E-02,-4.3400000E-01
-9.3000000E-02,-2.9850000E-01
-9.3500000E-02,-3.9950000E-01
-9.4000000E-02,-3.0350000E-01
-9.4500000E-02,-4.6990000E-01
-9.5000000E-02,-2.7090000E-01
-9.5500000E-02,-4.2850000E-01
-9.6000000E-02,-3.4780000E-01
-9.6500000E-02,-5.2150000E-01
-9.7000000E-02,-4.0880000E-01
-9.7500000E-02,-5.9370000E-01
-9.8000000E-02,-5.2810000E-01
-9.8500000E-02,-6.6780000E-01
-9.9000000E-02,-5.8480000E-01
-9.9500000E-02,-6.9280000E-01
-1.0000000E-01,-4.9860000E-01
-1.0050000E-01,-6.2320000E-01
-1.0100000E-01,-5.5280000E-01
-1.0150000E-01,-7.0220000E-01
-1.0200000E-01,-4.4830000E-01
-1.0250000E-01,-5.8570000E-01
-1.0300000E-01,-4.4620000E-01
-1.0350000E-01,-5.5540000E-01
-1.0400000E-01,-4.4960000E-01
-1.0450000E-01,-6.0640000E-01
-1.0500000E-01,-4.5860000E-01
-1.0550000E-01,-5.2390000E-01
-1.0600000E-01,-3.8380000E-01
-1.0650000E-01,-5.0450000E-01
-1.0700000E-01,-3.6340000E-01
-1.0750000E-01,-4.7290000E-01
-1.0800000E-01,-4.0850000E-01
-1.0850000E-01,-5.1930000E-01
-1.0900000E-01,-2.7240000E-01
-1.0950000E-01,-4.5250000E-01
-1.1000000E-01,-2.7330000E-01
-1.1050000E-01,-4.7150000E-01
-1.1100000E-01,-2.7180000E-01
-1.1150000E-01,-5.1460000E-01
-1.1200000E-01,-2.5740000E-01
-1.1250000E-01,-4.4830000E-01
-1.1300000E-01,-3.4620000E-01
-1.1350000E-01,-4.8580000E-01
-1.1400000E-01,-2.9390000E-01
-1.1450000E-01,-4.3490000E-01
-1.1500000E-01,-2.7070000E-01
-1.1550000E-01,-4.1120000E-01
-1.1600000E-01,-3.1500000E-01
-1.1650000E-01,-4.4770000E-01
-1.1700000E-01,-2.5100000E-01
-1.1750000E-01,-4.9240000E-01
-1.1800000E-01,-4.5580000E-01
-1.1850000E-01,-6.6600000E-01
-1.1900000E-01,-4.7280000E-01
-1.1950000E-01,-6.8630000E-01
-1.2000000E-01,-5.2280000E-01
-1.2050000E-01,-6.7610000E-01
-1.2100000E-01,-5.4490000E-01
-1.2150000E-01,-7.0220000E-01
-1.2200000E-01,-4.7990000E-01
-1.2250000E-01,-6.6070000E-01
-1.2300000E-01,-5.4160000E-01
-1.2350000E-01,-6.7950000E-01
-1.2400000E-01,-4.3950000E-01
-1.2450000E-01,-5.9410000E-01
-1.2500000E-01,-4.2230000E-01
-1.2550000E-01,-5.8080000E-01
-1.2600000E-01,-4.1150000E-01
-1.2650000E-01,-5.8780000E-01
-1.2700000E-01,-3.8100000E-01
-1.2750000E-01,-5.0480000E-01
-1.2800000E-01,-3.6850000E-01
-1.2850000E-01,-5.4190000E-01
-1.2900000E-01,-3.6360000E-01
-1.2950000E-01,-5.5560000E-01
-1.3000000E-01,-3.1160000E-01
-1.3050000E-01,-4.5930000E-01
-1.3100000E-01,-3.1100000E-01
-1.3150000E-01,-5.8220000E-01
-1.3200000E-01,-3.2050000E-01
-1.3250000E-01,-4.3390000E-01
-1.3300000E-01,-3.4960000E-01
-1.3350000E-01,-4.7680000E-01
-1.3400000E-01,-2.7550000E-01
-1.3450000E-01,-4.3330000E-01
-1.3500000E-01,-2.8030000E-01
-1.3550000E-01,-4.1080000E-01
-1.3600000E-01,-3.0810000E-01
-1.3650000E-01,-4.6100000E-01
-1.3700000E-01,-2.6880000E-01
-1.3750000E-01,-4.2240000E-01
-1.3800000E-01,-3.1280000E-01
-1.3850000E-01,-5.8760000E-01
-1.3900000E-01,-3.5700000E-01
-1.3950000E-01,-6.1640000E-01
-1.4000000E-01,-5.2500000E-01
-1.4050000E-01,-7.1190000E-01
-1.4100000E-01,-5.0990000E-01
-1.4150000E-01,-7.4150000E-01
-1.4200000E-01,-5.4280000E-01
-1.4250000E-01,-7.3620000E-01
-1.4300000E-01,-4.7780000E-01
-1.4350000E-01,-6.9260000E-01
-1.4400000E-01,-5.0450000E-01
-1.4450000E-01,-6.8210000E-01
-1.4500000E-01,-4.1770000E-01
-1.4550000E-01,-6.1890000E-01
-1.4600000E-01,-4.5890000E-01
-1.4650000E-01,-5.8300000E-01
-1.4700000E-01,-3.5390000E-01
-1.4750000E-01,-5.5750000E-01
-1.4800000E-01,-4.0990000E-01
-1.4850000E-01,-5.5960000E-01
-1.4900000E-01,-3.4670000E-01
-1.4950000E-01,-5.3940000E-01
-1.5000000E-01,-3.8870000E-01
-1.5050000E-01,-4.9650000E-01
-1.5100000E-01,-3.1380000E-01
-1.5150000E-01,-5.6140000E-01
-1.5200000E-01,-2.9920000E-01
-1.5250000E-01,-5.2510000E-01
-1.5300000E-01,-3.3240000E-01
-1.5350000E-01,-5.0110000E-01
-1.5400000E-01,-2.5680000E-01
-1.5450000E-01,-5.1340000E-01
-1.5500000E-01,-2.8740000E-01
-1.5550000E-01,-4.9080000E-01
-1.5600000E-01,-2.7900000E-01
-1.5650000E-01,-5.3780000E-01
-1.5700000E-01,-2.4020000E-01
-1.5750000E-01,-4.6040000E-01
-1.5800000E-01,-2.4260000E-01
-1.5850000E-01,-5.9700000E-01
-1.5900000E-01,-3.1550000E-01
-1.5950000E-01,-5.0760000E-01
-1.6000000E-01,-3.5890000E-01
-1.6050000E-01,-6.7330000E-01
-1.6100000E-01,-4.8420000E-01
-1.6150000E-01,-7.1070000E-01
-1.6200000E-01,-4.9470000E-01
-1.6250000E-01,-7.6130000E-01
-1.6300000E-01,-5.3010000E-01
-1.6350000E-01,-7.3460000E-01
-1.6400000E-01,-4.0760000E-01
-1.6450000E-01,-7.5350000E-01
-1.6500000E-01,-4.7720000E-01
-1.6550000E-01,-7.2900000E-01
-1.6600000E-01,-4.3420000E-01
-1.6650000E-01,-6.9070000E-01
-1.6700000E-01,-4.1590000E-01
-1.6750000E-01,-6.3620000E-01
-1.6800000E-01,-3.1320000E-01
-1.6850000E-01,-6.7460000E-01
-1.6900000E-01,-3.7510000E-01
-1.6950000E-01,-5.9130000E-01
-1.7000000E-01,-2.9680000E-01
-1.7050000E-01,-6.0780000E-01
-1.7100000E-01,-3.1810000E-01
-1.7150000E-01,-5.6920000E-01
-1.7200000E-01,-3.1250000E-01
-1.7250000E-01,-5.6840000E-01
-1.7300000E-01,-2.5590000E-01
-1.7350000E-01,-5.7630000E-01
-1.7400000E-01,-2.9010000E-01
-1.7450000E-01,-5.1460000E-01
-1.7500000E-01,-2.6520000E-01
-1.7550000E-01,-5.3050000E-01
-1.7600000E-01,-2.6370000E-01
-1.7650000E-01,-5.5590000E-01
-1.7700000E-01,-2.4660000E-01
-1.7750000E-01,-5.5480000E-01
-1.7800000E-01,-2.7650000E-01
-1.7850000E-01,-5.0310000E-01
-1.7900000E-01,-2.5420000E-01
-1.7950000E-01,-5.4510000E-01
-1.8000000E-01,-2.6300000E-01
-1.8050000E-01,-5.3880000E-01
-1.8100000E-01,-3.4240000E-01
-1.8150000E-01,-6.5740000E-01
-1.8200000E-01,-4.2630000E-01
-1.8250000E-01,-7.8910000E-01
-1.8300000E-01,-4.8780000E-01
-1.8350000E-01,-7.8160000E-01
-1.8400000E-01,-5.2280000E-01
-1.8450000E-01,-7.7010000E-01
-1.8500000E-01,-4.7300000E-01
-1.8550000E-01,-7.7780000E-01
-1.8600000E-01,-4.4420000E-01
-1.8650000E-01,-7.2000000E-01
-1.8700000E-01,-4.3680000E-01
-1.8750000E-01,-7.8530000E-01
-1.8800000E-01,-3.9910000E-01
-1.8850000E-01,-6.6690000E-01
-1.8900000E-01,-3.7650000E-01
-1.8950000E-01,-6.3690000E-01
-1.9000000E-01,-3.6130000E-01
-1.9050000E-01,-6.2070000E-01
-1.9100000E-01,-2.8370000E-01
-1.9150000E-01,-5.9490000E-01
-1.9200000E-01,-3.0220000E-01
-1.9250000E-01,-5.3630000E-01
-1.9300000E-01,-3.3980000E-01
-1.9350000E-01,-6.2580000E-01
-1.9400000E-01,-2.2310000E-01
-1.9450000E-01,-6.1090000E-01
-1.9500000E-01,-2.4970000E-01
-1.9550000E-01,-5.8030000E-01
-1.9600000E-01,-3.0090000E-01
-1.9650000E-01,-5.6350000E-01
-1.9700000E-01,-3.2610000E-01
-1.9750000E-01,-5.2970000E-01
-1.9800000E-01,-2.4740000E-01
-1.9850000E-01,-5.7770000E-01
-1.9900000E-01,-3.0780000E-01
-1.9950000E-01,-5.5280000E-01
-2.0000000E-01,-2.1300000E-01
-2.0050000E-01,-6.1400000E-01
-2.0100000E-01,-3.3030000E-01
-2.0150000E-01,-5.8610000E-01
-2.0200000E-01,-3.3900000E-01
-2.0250000E-01,-6.9850000E-01
-2.0300000E-01,-4.0580000E-01
-2.0350000E-01,-7.7370000E-01
-2.0400000E-01,-4.8930000E-01
-2.0450000E-01,-7.8950000E-01
-2.0500000E-01,-5.1040000E-01
-2.0550000E-01,-8.2640000E-01
-2.0600000E-01,-4.6670000E-01
-2.0650000E-01,-8.3500000E-01
-2.0700000E-01,-5.2610000E-01
-2.0750000E-01,-6.9610000E-01
-2.0800000E-01,-4.8510000E-01
-2.0850000E-01,-6.7720000E-01
-2.0900000E-01,-4.3620000E-01
-2.0950000E-01,-6.9820000E-01
-2.1000000E-01,-3.7460000E-01
-2.1050000E-01,-6.7040000E-01
-2.1100000E-01,-3.8820000E-01
-2.1150000E-01,-6.0610000E-01
-2.1200000E-01,-4.0440000E-01
-2.1250000E-01,-6.6460000E-01
-2.1300000E-01,-3.1170000E-01
-2.1350000E-01,-6.1900000E-01
-2.1400000E-01,-3.0110000E-01
-2.1450000E-01,-5.3340000E-01
-2.1500000E-01,-3.4320000E-01
-2.1550000E-01,-5.3420000E-01
-2.1600000E-01,-3.2670000E-01
-2.1650000E-01,-5.7060000E-01
-2.1700000E-01,-3.1010000E-01
-2.1750000E-01,-5.5750000E-01
-2.1800000E-01,-3.4390000E-01
-2.1850000E-01,-5.0600000E-01
-2.1900000E-01,-3.5200000E-01
-2.1950000E-01,-5.2910000E-01
-2.2000000E-01,-3.0330000E-01
-2.2050000E-01,-5.3910000E-01
-2.2100000E-01,-2.9310000E-01
-2.2150000E-01,-5.3010000E-01
-2.2200000E-01,-3.5370000E-01
-2.2250000E-01,-5.5280000E-01
-2.2300000E-01,-3.6590000E-01
-2.2350000E-01,-6.0930000E-01
-2.2400000E-01,-5.9640000E-01
-2.2450000E-01,-6.9200000E-01
-2.2500000E-01,-5.7150000E-01
-2.2550000E-01,-8.4980000E-01
-2.2600000E-01,-4.9300000E-01
-2.2650000E-01,-8.3960000E-01
-2.2700000E-01,-5.9250000E-01
-2.2750000E-01,-7.3980000E-01
-2.2800000E-01,-5.9240000E-01
-2.2850000E-01,-6.6980000E-01
-2.2900000E-01,-5.2480000E-01
-2.2950000E-01,-7.6290000E-01
-2.3000000E-01,-4.1260000E-01
-2.3050000E-01,-7.3810000E-01
-2.3100000E-01,-4.6830000E-01
-2.3150000E-01,-6.2030000E-01
-2.3200000E-01,-5.0710000E-01
-2.3250000E-01,-5.7930000E-01
-2.3300000E-01,-4.3310000E-01
-2.3350000E-01,-6.7960000E-01
-2.3400000E-01,-3.1640000E-01
-2.3450000E-01,-6.4070000E-01
-2.3500000E-01,-4.0810000E-01
-2.3550000E-01,-5.3780000E-01
-2.3600000E-01,-4.4610000E-01
-2.3650000E-01,-5.3390000E-01
-2.3700000E-01,-3.7820000E-01
-2.3750000E-01,-6.1220000E-01
-2.3800000E-01,-3.0420000E-01
-2.3850000E-01,-6.4160000E-01
-2.3900000E-01,-3.1390000E-01
-2.3950000E-01,-6.0090000E-01
-2.4000000E-01,-3.7620000E-01
-2.4050000E-01,-5.0220000E-01
-2.4100000E-01,-3.3720000E-01
-2.4150000E-01,-6.3830000E-01
-2.4200000E-01,-2.1090000E-01
-2.4250000E-01,-6.7930000E-01
-2.4300000E-01,-2.3640000E-01
-2.4350000E-01,-6.7150000E-01
-2.4400000E-01,-4.4300000E-01
-2.4450000E-01,-6.5360000E-01
-2.4500000E-01,-5.1850000E-01
-2.4550000E-01,-8.0500000E-01
-2.4600000E-01,-5.0520000E-01
-2.4650000E-01,-8.2930000E-01
-2.4700000E-01,-6.0720000E-01
-2.4750000E-01,-7.8060000E-01
-2.4800000E-01,-5.9320000E-01
-2.4850000E-01,-8.4060000E-01
-2.4900000E-01,-5.0760000E-01
-2.4950000E-01,-8.2210000E-01
-2.5000000E-01,-5.1450000E-01
-2.5050000E-01,-8.1220000E-01
-2.5100000E-01,-4.8770000E-01
-2.5150000E-01,-7.1290000E-01
-2.5200000E-01,-4.9540000E-01
-2.5250000E-01,-7.0070000E-01
-2.5300000E-01,-3.9610000E-01
-2.5350000E-01,-6.9960000E-01
-2.5400000E-01,-3.8980000E-01
-2.5450000E-01,-6.3900000E-01
-2.5500000E-01,-4.1420000E-01
-2.5550000E-01,-6.6290000E-01
-2.5600000E-01,-3.8800000E-01
-2.5650000E-01,-6.6100000E-01
-2.5700000E-01,-3.3990000E-01
-2.5750000E-01,-6.4890000E-01
-2.5800000E-01,-3.2440000E-01
-2.5850000E-01,-6.5230000E-01
-2.5900000E-01,-3.2140000E-01
-2.5950000E-01,-6.4820000E-01
-2.6000000E-01,-2.5590000E-01
-2.6050000E-01,-6.5460000E-01
-2.6100000E-01,-2.7950000E-01
-2.6150000E-01,-6.3880000E-01
-2.6200000E-01,-3.2950000E-01
-2.6250000E-01,-5.9470000E-01
-2.6300000E-01,-3.4000000E-01
-2.6350000E-01,-5.4230000E-01
-2.6400000E-01,-3.2100000E-01
-2.6450000E-01,-6.8070000E-01
-2.6500000E-01,-3.2910000E-01
-2.6550000E-01,-7.2380000E-01
-2.6600000E-01,-5.1470000E-01
-2.6650000E-01,-7.9910000E-01
-2.6700000E-01,-6.0500000E-01
-2.6750000E-01,-8.4060000E-01
-2.6800000E-01,-6.0080000E-01
-2.6850000E-01,-8.7590000E-01
-2.6900000E-01,-5.9990000E-01
-2.6950000E-01,-8.0320000E-01
-2.7000000E-01,-5.8680000E-01
-2.7050000E-01,-7.9930000E-01
-2.7100000E-01,-5.1130000E-01
-2.7150000E-01,-8.2490000E-01
-2.7200000E-01,-5.2870000E-01
-2.7250000E-01,-7.4290000E-01
-2.7300000E-01,-4.9170000E-01
-2.7350000E-01,-7.5950000E-01
-2.7400000E-01,-4.2710000E-01
-2.7450000E-01,-6.7010000E-01
-2.7500000E-01,-4.5970000E-01
-2.7550000E-01,-6.6710000E-01
-2.7600000E-01,-4.2830000E-01
-2.7650000E-01,-6.6890000E-01
-2.7700000E-01,-4.1850000E-01
-2.7750000E-01,-5.9830000E-01
-2.7800000E-01,-3.6600000E-01
-2.7850000E-01,-6.7350000E-01
-2.7900000E-01,-3.7040000E-01
-2.7950000E-01,-6.2120000E-01
-2.8000000E-01,-4.3790000E-01
-2.8050000E-01,-6.1170000E-01
-2.8100000E-01,-3.6020000E-01
-2.8150000E-01,-6.3870000E-01
-2.8200000E-01,-4.2150000E-01
-2.8250000E-01,-5.9640000E-01
-2.8300000E-01,-3.6460000E-01
-2.8350000E-01,-6.5150000E-01
-2.8400000E-01,-3.6330000E-01
-2.8450000E-01,-5.8710000E-01
-2.8500000E-01,-3.6180000E-01
-2.8550000E-01,-6.6520000E-01
-2.8600000E-01,-4.0640000E-01
-2.8650000E-01,-7.4840000E-01
-2.8700000E-01,-5.5190000E-01
-2.8750000E-01,-8.5570000E-01
-2.8800000E-01,-5.8510000E-01
-2.8850000E-01,-8.5240000E-01
-2.8900000E-01,-6.2620000E-01
-2.8950000E-01,-8.6080000E-01
-2.9000000E-01,-6.0810000E-01
-2.9050000E-01,-8.7990000E-01
-2.9100000E-01,-5.3350000E-01
-2.9150000E-01,-8.4170000E-01
-2.9200000E-01,-5.5890000E-01
-2.9250000E-01,-8.1720000E-01
-2.9300000E-01,-5.1140000E-01
-2.9350000E-01,-7.5000000E-01
-2.9400000E-01,-5.3820000E-01
-2.9450000E-01,-7.4920000E-01
-2.9500000E-01,-4.5750000E-01
-2.9550000E-01,-7.2890000E-01
-2.9600000E-01,-4.8860000E-01
-2.9650000E-01,-7.1520000E-01
-2.9700000E-01,-4.4150000E-01
-2.9750000E-01,-6.7670000E-01
-2.9800000E-01,-4.2170000E-01
-2.9850000E-01,-7.4090000E-01
-2.9900000E-01,-4.0330000E-01
-2.9950000E-01,-6.5570000E-01
-3.0000000E-01,-4.0350000E-01
-3.0050000E-01,-7.3990000E-01
-3.0100000E-01,-3.6200000E-01
-3.0150000E-01,-6.6470000E-01
-3.0200000E-01,-4.4830000E-01
-3.0250000E-01,-6.7000000E-01
-3.0300000E-01,-3.7250000E-01
-3.0350000E-01,-6.1890000E-01
-3.0400000E-01,-4.2640000E-01
-3.0450000E-01,-6.8520000E-01
-3.0500000E-01,-3.5190000E-01
-3.0550000E-01,-6.7000000E-01
-3.0600000E-01,-4.0490000E-01
-3.0650000E-01,-7.2330000E-01
-3.0700000E-01,-3.9510000E-01
-3.0750000E-01,-8.4630000E-01
-3.0800000E-01,-5.3570000E-01
-3.0850000E-01,-8.6060000E-01
-3.0900000E-01,-5.8990000E-01
-3.0950000E-01,-9.4690000E-01
-3.1000000E-01,-6.8320000E-01
-3.1050000E-01,-8.7980000E-01
-3.1100000E-01,-6.3650000E-01
-3.1150000E-01,-8.6620000E-01
-3.1200000E-01,-6.6280000E-01
-3.1250000E-01,-8.5070000E-01
-3.1300000E-01,-6.4830000E-01
-3.1350000E-01,-8.2420000E-01
-3.1400000E-01,-5.9000000E-01
-3.1450000E-01,-8.8450000E-01
-3.1500000E-01,-5.2560000E-01
-3.1550000E-01,-8.2920000E-01
-3.1600000E-01,-5.7220000E-01
-3.1650000E-01,-7.4460000E-01
-3.1700000E-01,-4.6480000E-01
-3.1750000E-01,-7.4430000E-01
-3.1800000E-01,-5.4690000E-01
-3.1850000E-01,-8.0080000E-01
-3.1900000E-01,-4.7060000E-01
-3.1950000E-01,-7.2780000E-01
-3.2000000E-01,-4.9570000E-01
-3.2050000E-01,-7.4670000E-01
-3.2100000E-01,-3.9550000E-01
-3.2150000E-01,-7.2190000E-01
-3.2200000E-01,-4.5410000E-01
-3.2250000E-01,-7.3810000E-01
-3.2300000E-01,-4.0780000E-01
-3.2350000E-01,-6.8990000E-01
-3.2400000E-01,-4.4690000E-01
-3.2450000E-01,-7.3930000E-01
-3.2500000E-01,-4.7760000E-01
-3.2550000E-01,-6.3350000E-01
-3.2600000E-01,-4.3320000E-01
-3.2650000E-01,-7.0060000E-01
-3.2700000E-01,-4.4890000E-01
-3.2750000E-01,-6.8860000E-01
-3.2800000E-01,-4.8250000E-01
-3.2850000E-01,-8.3610000E-01
-3.2900000E-01,-6.7020000E-01
-3.2950000E-01,-9.1770000E-01
-3.3000000E-01,-7.0010000E-01
-3.3050000E-01,-9.1370000E-01
-3.3100000E-01,-6.7760000E-01
-3.3150000E-01,-9.7830000E-01
-3.3200000E-01,-6.9990000E-01
-3.3250000E-01,-9.1480000E-01
-3.3300000E-01,-6.6920000E-01
-3.3350000E-01,-9.3030000E-01
-3.3400000E-01,-6.8540000E-01
-3.3450000E-01,-8.3630000E-01
-3.3500000E-01,-6.5960000E-01
-3.3550000E-01,-8.6110000E-01
-3.3600000E-01,-6.1880000E-01
-3.3650000E-01,-7.9110000E-01
-3.3700000E-01,-5.9480000E-01
-3.3750000E-01,-8.8300000E-01
-3.3800000E-01,-6.0530000E-01
-3.3850000E-01,-7.8430000E-01
-3.3900000E-01,-5.2240000E-01
-3.3950000E-01,-7.2510000E-01
-3.4000000E-01,-5.4540000E-01
-3.4050000E-01,-7.9750000E-01
-3.4100000E-01,-5.6860000E-01
-3.4150000E-01,-7.0450000E-01
-3.4200000E-01,-5.0190000E-01
-3.4250000E-01,-6.8920000E-01
-3.4300000E-01,-5.5190000E-01
-3.4350000E-01,-7.3450000E-01
-3.4400000E-01,-5.1910000E-01
-3.4450000E-01,-6.8950000E-01
-3.4500000E-01,-4.8850000E-01
-3.4550000E-01,-6.4990000E-01
-3.4600000E-01,-5.9890000E-01
-3.4650000E-01,-7.0590000E-01
-3.4700000E-01,-5.1960000E-01
-3.4750000E-01,-6.4200000E-01
-3.4800000E-01,-5.5850000E-01
-3.4850000E-01,-7.7440000E-01
-3.4900000E-01,-5.6980000E-01
-3.4950000E-01,-7.6890000E-01
-3.5000000E-01,-6.9810000E-01
-3.5050000E-01,-9.1160000E-01
-3.5100000E-01,-7.2960000E-01
-3.5150000E-01,-9.9700000E-01
-3.5200000E-01,-7.6730000E-01
-3.5250000E-01,-9.4610000E-01
-3.5300000E-01,-8.0470000E-01
-3.5350000E-01,-9.4150000E-01
-3.5400000E-01,-7.5330000E-01
-3.5450000E-01,-8.5360000E-01
-3.5500000E-01,-7.6490000E-01
-3.5550000E-01,-8.9120000E-01
-3.5600000E-01,-7.5650000E-01
-3.5650000E-01,-8.9100000E-01
-3.5700000E-01,-7.3900000E-01
-3.5750000E-01,-7.8900000E-01
-3.5800000E-01,-6.7670000E-01
-3.5850000E-01,-8.1620000E-01
-3.5900000E-01,-6.8430000E-01
-3.5950000E-01,-8.5620000E-01
-3.6000000E-01,-6.3030000E-01
-3.6050000E-01,-7.7560000E-01
-3.6100000E-01,-6.5340000E-01
-3.6150000E-01,-8.5560000E-01
-3.6200000E-01,-5.8270000E-01
-3.6250000E-01,-7.3040000E-01
-3.6300000E-01,-6.3670000E-01
-3.6350000E-01,-7.8570000E-01
-3.6400000E-01,-6.4600000E-01
-3.6450000E-01,-7.3190000E-01
-3.6500000E-01,-6.0990000E-01
-3.6550000E-01,-6.9340000E-01
-3.6600000E-01,-6.2640000E-01
-3.6650000E-01,-7.2040000E-01
-3.6700000E-01,-6.4620000E-01
-3.6750000E-01,-7.1500000E-01
-3.6800000E-01,-6.2180000E-01
-3.6850000E-01,-7.4270000E-01
-3.6900000E-01,-5.7660000E-01
-3.6950000E-01,-7.4180000E-01
-3.7000000E-01,-6.6110000E-01
-3.7050000E-01,-8.8010000E-01
-3.7100000E-01,-7.3630000E-01
-3.7150000E-01,-9.4840000E-01
-3.7200000E-01,-8.0310000E-01
-3.7250000E-01,-9.8690000E-01
-3.7300000E-01,-8.5270000E-01
-3.7350000E-01,-1.0120000E+00
-3.7400000E-01,-9.0890000E-01
-3.7450000E-01,-1.0321000E+00
-3.7500000E-01,-8.5540000E-01
-3.7550000E-01,-1.0753000E+00
-3.7600000E-01,-8.3320000E-01
-3.7650000E-01,-1.0449000E+00
-3.7700000E-01,-8.1760000E-01
-3.7750000E-01,-9.1560000E-01
-3.7800000E-01,-7.2820000E-01
-3.7850000E-01,-9.0890000E-01
-3.7900000E-01,-6.9730000E-01
-3.7950000E-01,-8.8700000E-01
-3.8000000E-01,-7.4050000E-01
-3.8050000E-01,-8.0620000E-01
-3.8100000E-01,-7.3610000E-01
-3.8150000E-01,-8.4100000E-01
-3.8200000E-01,-7.7800000E-01
-3.8250000E-01,-8.6800000E-01
-3.8300000E-01,-7.5630000E-01
-3.8350000E-01,-8.3900000E-01
-3.8400000E-01,-6.8520000E-01
-3.8450000E-01,-7.9060000E-01
-3.8500000E-01,-6.5990000E-01
-3.8550000E-01,-7.6800000E-01
-3.8600000E-01,-6.8660000E-01
-3.8650000E-01,-8.5970000E-01
-3.8700000E-01,-7.0190000E-01
-3.8750000E-01,-8.1730000E-01
-3.8800000E-01,-6.4640000E-01
-3.8850000E-01,-8.3120000E-01
-3.8900000E-01,-6.2720000E-01
-3.8950000E-01,-8.0710000E-01
-3.9000000E-01,-7.0140000E-01
-3.9050000E-01,-8.5220000E-01
-3.9100000E-01,-7.0110000E-01
-3.9150000E-01,-9.0270000E-01
-3.9200000E-01,-8.0220000E-01
-3.9250000E-01,-1.0122000E+00
-3.9300000E-01,-9.0560000E-01
-3.9350000E-01,-1.1057000E+00
-3.9400000E-01,-9.2800000E-01
-3.9450000E-01,-1.0204000E+00
-3.9500000E-01,-9.5380000E-01
-3.9550000E-01,-1.0587000E+00
-3.9600000E-01,-9.4310000E-01
-3.9650000E-01,-1.0519000E+00
-3.9700000E-01,-9.6360000E-01
-3.9750000E-01,-1.0502000E+00
-3.9800000E-01,-9.8020000E-01
-3.9850000E-01,-1.0023000E+00
-3.9900000E-01,-9.2890000E-01
-3.9950000E-01,-1.0104000E+00
-4.0000000E-01,-8.7600000E-01
-4.0050000E-01,-9.8290000E-01
-4.0100000E-01,-9.2860000E-01
-4.0150000E-01,-9.9700000E-01
-4.0200000E-01,-8.6210000E-01
-4.0250000E-01,-9.1420000E-01
-4.0300000E-01,-8.2090000E-01
-4.0350000E-01,-8.7480000E-01
-4.0400000E-01,-7.7270000E-01
-4.0450000E-01,-8.5890000E-01
-4.0500000E-01,-7.9620000E-01
-4.0550000E-01,-8.3350000E-01
-4.0600000E-01,-8.2860000E-01
-4.0650000E-01,-8.3200000E-01
-4.0700000E-01,-7.9960000E-01
-4.0750000E-01,-8.5960000E-01
-4.0800000E-01,-7.8560000E-01
-4.0850000E-01,-8.2070000E-01
-4.0900000E-01,-8.0120000E-01
-4.0950000E-01,-8.5370000E-01
-4.1000000E-01,-8.1600000E-01
-4.1050000E-01,-9.2090000E-01
-4.1100000E-01,-8.2390000E-01
-4.1150000E-01,-9.2140000E-01
-4.1200000E-01,-8.5120000E-01
-4.1250000E-01,-9.7340000E-01
-4.1300000E-01,-9.8470000E-01
-4.1350000E-01,-1.0836000E+00
-4.1400000E-01,-1.0890000E+00
-4.1450000E-01,-1.2005000E+00
-4.1500000E-01,-1.1099000E+00
-4.1550000E-01,-1.1748000E+00
-4.1600000E-01,-1.1477000E+00
-4.1650000E-01,-1.1350000E+00
-4.1700000E-01,-1.1267000E+00
-4.1750000E-01,-1.1885000E+00
-4.1800000E-01,-1.0307000E+00
-4.1850000E-01,-1.0747000E+00
-4.1900000E-01,-9.8240000E-01
-4.1950000E-01,-1.1206000E+00
-4.2000000E-01,-1.0846000E+00
-4.2050000E-01,-1.0785000E+00
-4.2100000E-01,-1.0063000E+00
-4.2150000E-01,-9.9830000E-01
-4.2200000E-01,-9.8970000E-01
-4.2250000E-01,-9.9730000E-01
-4.2300000E-01,-9.6640000E-01
-4.2350000E-01,-1.0007000E+00
-4.2400000E-01,-9.8260000E-01
-4.2450000E-01,-9.9300000E-01
-4.2500000E-01,-9.4710000E-01
-4.2550000E-01,-9.6380000E-01
-4.2600000E-01,-8.6700000E-01
-4.2650000E-01,-8.9940000E-01
-4.2700000E-01,-9.5550000E-01
-4.2750000E-01,-9.8280000E-01
-4.2800000E-01,-1.0335000E+00
-4.2850000E-01,-1.0495000E+00
-4.2900000E-01,-9.0110000E-01
-4.2950000E-01,-9.2330000E-01
-4.3000000E-01,-9.0650000E-01
-4.3050000E-01,-9.1970000E-01
-4.3100000E-01,-8.8480000E-01
-4.3150000E-01,-9.1440000E-01
-4.3200000E-01,-9.2500000E-01
-4.3250000E-01,-9.6750000E-01
-4.3300000E-01,-9.7340000E-01
-4.3350000E-01,-9.9980000E-01
-4.3400000E-01,-1.0950000E+00
-4.3450000E-01,-1.1600000E+00
-4.3500000E-01,-1.2083000E+00
-4.3550000E-01,-1.2503000E+00
-4.3600000E-01,-1.2580000E+00
-4.3650000E-01,-1.2794000E+00
-4.3700000E-01,-1.2275000E+00
-4.3750000E-01,-1.2457000E+00
-4.3800000E-01,-1.2744000E+00
-4.3850000E-01,-1.2610000E+00
-4.3900000E-01,-1.2634000E+00
-4.3950000E-01,-1.1331000E+00
-4.4000000E-01,-1.1578000E+00
-4.4050000E-01,-1.1584000E+00
-4.4100000E-01,-1.1258000E+00
-4.4150000E-01,-1.1839000E+00
-4.4200000E-01,-1.1623000E+00
-4.4250000E-01,-1.1357000E+00
-4.4300000E-01,-1.0216000E+00
-4.4350000E-01,-1.1676000E+00
-4.4400000E-01,-1.0467000E+00
-4.4450000E-01,-1.1652000E+00
-4.4500000E-01,-1.1224000E+00
-4.4550000E-01,-1.1228000E+00
-4.4600000E-01,-1.1007000E+00
-4.4650000E-01,-1.0750000E+00
-4.4700000E-01,-1.0614000E+00
-4.4750000E-01,-1.1139000E+00
-4.4800000E-01,-1.1248000E+00
-4.4850000E-01,-1.0757000E+00
-4.4900000E-01,-1.1041000E+00
-4.4950000E-01,-1.0398000E+00
-4.5000000E-01,-1.0347000E+00
-4.5050000E-01,-1.0476000E+00
-4.5100000E-01,-1.0599000E+00
-4.5150000E-01,-1.0306000E+00
-4.5200000E-01,-1.0535000E+00
-4.5250000E-01,-1.0173000E+00
-4.5300000E-01,-1.0548000E+00
-4.5350000E-01,-1.0670000E+00
-4.5400000E-01,-1.1281000E+00
-4.5450000E-01,-1.1381000E+00
-4.5500000E-01,-1.2038000E+00
-4.5550000E-01,-1.2721000E+00
-4.5600000E-01,-1.3054000E+00
-4.5650000E-01,-1.2914000E+00
-4.5700000E-01,-1.3546000E+00
-4.5750000E-01,-1.2951000E+00
-4.5800000E-01,-1.4030000E+00
-4.5850000E-01,-1.4217000E+00
-4.5900000E-01,-1.3301000E+00
-4.5950000E-01,-1.3133000E+00
-4.6000000E-01,-1.3806000E+00
-4.6050000E-01,-1.3716000E+00
-4.6100000E-01,-1.3493000E+00
-4.6150000E-01,-1.3085000E+00
-4.6200000E-01,-1.3485000E+00
-4.6250000E-01,-1.2776000E+00
-4.6300000E-01,-1.3172000E+00
-4.6350000E-01,-1.2118000E+00
-4.6400000E-01,-1.2881000E+00
-4.6450000E-01,-1.2131000E+00
-4.6500000E-01,-1.2492000E+00
-4.6550000E-01,-1.2135000E+00
-4.6600000E-01,-1.2908000E+00
-4.6650000E-01,-1.1647000E+00
-4.6700000E-01,-1.2307000E+00
-4.6750000E-01,-1.2175000E+00
-4.6800000E-01,-1.2438000E+00
-4.6850000E-01,-1.1821000E+00
-4.6900000E-01,-1.2062000E+00
-4.6950000E-01,-1.2204000E+00
-4.7000000E-01,-1.2769000E+00
-4.7050000E-01,-1.2235000E+00
-4.7100000E-01,-1.2967000E+00
-4.7150000E-01,-1.2401000E+00
-4.7200000E-01,-1.3435000E+00
-4.7250000E-01,-1.2446000E+00
-4.7300000E-01,-1.2594000E+00
-4.7350000E-01,-1.1686000E+00
-4.7400000E-01,-1.2280000E+00
-4.7450000E-01,-1.2083000E+00
-4.7500000E-01,-1.3145000E+00
-4.7550000E-01,-1.3294000E+00
-4.7600000E-01,-1.4569000E+00
-4.7650000E-01,-1.4544000E+00
-4.7700000E-01,-1.5944000E+00
-4.7750000E-01,-1.4965000E+00
-4.7800000E-01,-1.6482000E+00
-4.7850000E-01,-1.5012000E+00
-4.7900000E-01,-1.5786000E+00
-4.7950000E-01,-1.4775000E+00
-4.8000000E-01,-1.5864000E+00
-4.8050000E-01,-1.4485000E+00
-4.8100000E-01,-1.6211000E+00
-4.8150000E-01,-1.5253000E+00
-4.8200000E-01,-1.6429000E+00
-4.8250000E-01,-1.4299000E+00
-4.8300000E-01,-1.5638000E+00
-4.8350000E-01,-1.4766000E+00
-4.8400000E-01,-1.6006000E+00
-4.8450000E-01,-1.4707000E+00
-4.8500000E-01,-1.5624000E+00
-4.8550000E-01,-1.3934000E+00
-4.8600000E-01,-1.5429000E+00
-4.8650000E-01,-1.4306000E+00
-4.8700000E-01,-1.5430000E+00
-4.8750000E-01,-1.3594000E+00
-4.8800000E-01,-1.6005000E+00
-4.8850000E-01,-1.3595000E+00
-4.8900000E-01,-1.5705000E+00
-4.8950000E-01,-1.3567000E+00
-4.9000000E-01,-1.5636000E+00
-4.9050000E-01,-1.3665000E+00
-4.9100000E-01,-1.5554000E+00
-4.9150000E-01,-1.3654000E+00
-4.9200000E-01,-1.5148000E+00
-4.9250000E-01,-1.3792000E+00
-4.9300000E-01,-1.5524000E+00
-4.9350000E-01,-1.4890000E+00
-4.9400000E-01,-1.5530000E+00
-4.9450000E-01,-1.5077000E+00
-4.9500000E-01,-1.6154000E+00
-4.9550000E-01,-1.4886000E+00
-4.9600000E-01,-1.6126000E+00
-4.9650000E-01,-1.4930000E+00
-4.9700000E-01,-1.7610000E+00
-4.9750000E-01,-1.6027000E+00
-4.9800000E-01,-1.8393000E+00
-4.9850000E-01,-1.6700000E+00
-4.9900000E-01,-1.9045000E+00
-4.9950000E-01,-1.7349000E+00
-5.0000000E-01,-1.9432000E+00
-5.0050000E-01,-1.7436000E+00
-5.0100000E-01,-1.9263000E+00
-5.0150000E-01,-1.8751000E+00
-5.0200000E-01,-1.9179000E+00
-5.0250000E-01,-1.8992000E+00
-5.0300000E-01,-1.8537000E+00
-5.0350000E-01,-1.8571000E+00
-5.0400000E-01,-1.7868000E+00
-5.0450000E-01,-1.8433000E+00
-5.0500000E-01,-1.7648000E+00
-5.0550000E-01,-1.8106000E+00
-5.0600000E-01,-1.7724000E+00
-5.0650000E-01,-1.8137000E+00
-5.0700000E-01,-1.8052000E+00
-5.0750000E-01,-1.8354000E+00
-5.0800000E-01,-1.8310000E+00
-5.0850000E-01,-1.9053000E+00
-5.0900000E-01,-1.8212000E+00
-5.0950000E-01,-1.8645000E+00
-5.1000000E-01,-1.8298000E+00
-5.1050000E-01,-1.7700000E+00
-5.1100000E-01,-1.8946000E+00
-5.1150000E-01,-1.7564000E+00
-5.1200000E-01,-1.9105000E+00
-5.1250000E-01,-1.8106000E+00
-5.1300000E-01,-1.9622000E+00
-5.1350000E-01,-1.8175000E+00
-5.1400000E-01,-1.9827000E+00
-5.1450000E-01,-1.7559000E+00
-5.1500000E-01,-1.9517000E+00
-5.1550000E-01,-1.7903000E+00
-5.1600000E-01,-1.9731000E+00
-5.1650000E-01,-1.8221000E+00
-5.1700000E-01,-2.0312000E+00
-5.1750000E-01,-1.8725000E+00
-5.1800000E-01,-2.2209000E+00
-5.1850000E-01,-2.1135000E+00
-5.1900000E-01,-2.2944000E+00
-5.1950000E-01,-2.0812000E+00
-5.2000000E-01,-2.3104000E+00
-5.2050000E-01,-2.1625000E+00
-5.2100000E-01,-2.3897000E+00
-5.2150000E-01,-2.2484000E+00
-5.2200000E-01,-2.4025000E+00
-5.2250000E-01,-2.2540000E+00
-5.2300000E-01,-2.4533000E+00
-5.2350000E-01,-2.2581000E+00
-5.2400000E-01,-2.4022000E+00
-5.2450000E-01,-2.1989000E+00
-5.2500000E-01,-2.3770000E+00
-5.2550000E-01,-2.1939000E+00
-5.2600000E-01,-2.4004000E+00
-5.2650000E-01,-2.2248000E+00
-5.2700000E-01,-2.4240000E+00
-5.2750000E-01,-2.2409000E+00
-5.2800000E-01,-2.3712000E+00
-5.2850000E-01,-2.2204000E+00
-5.2900000E-01,-2.3694000E+00
-5.2950000E-01,-2.2702000E+00
-5.3000000E-01,-2.4430000E+00
-5.3050000E-01,-2.2260000E+00
-5.3100000E-01,-2.4245000E+00
-5.3150000E-01,-2.2373000E+00
-5.3200000E-01,-2.4305000E+00
-5.3250000E-01,-2.2932000E+00
-5.3300000E-01,-2.5246000E+00
-5.3350000E-01,-2.2336000E+00
-5.3400000E-01,-2.4521000E+00
-5.3450000E-01,-2.2822000E+00
-5.3500000E-01,-2.5450000E+00
-5.3550000E-01,-2.3458000E+00
-5.3600000E-01,-2.5032000E+00
-5.3650000E-01,-2.3830000E+00
-5.3700000E-01,-2.5568000E+00
-5.3750000E-01,-2.3744000E+00
-5.3800000E-01,-2.5761000E+00
-5.3850000E-01,-2.4588000E+00
-5.3900000E-01,-2.7267000E+00
-5.3950000E-01,-2.5935000E+00
-5.4000000E-01,-2.8507000E+00
-5.4050000E-01,-2.7049000E+00
-5.4100000E-01,-2.9679000E+00
-5.4150000E-01,-2.7522000E+00
-5.4200000E-01,-3.0173000E+00
-5.4250000E-01,-2.8371000E+00
-5.4300000E-01,-3.0540000E+00
-5.4350000E-01,-2.8344000E+00
-5.4400000E-01,-3.1053000E+00
-5.4450000E-01,-2.9056000E+00
-5.4500000E-01,-3.0894000E+00
-5.4550000E-01,-2.8261000E+00
-5.4600000E-01,-3.0957000E+00
-5.4650000E-01,-2.8857000E+00
-5.4700000E-01,-3.0895000E+00
-5.4750000E-01,-2.8778000E+00
-5.4800000E-01,-3.0896000E+00
-5.4850000E-01,-2.9248000E+00
-5.4900000E-01,-3.1125000E+00
-5.4950000E-01,-2.8972000E+00
-5.5000000E-01,-3.1197000E+00
-5.5050000E-01,-2.8868000E+00
-5.5100000E-01,-3.0977000E+00
-5.5150000E-01,-2.8782000E+00
-5.5200000E-01,-3.1159000E+00
-5.5250000E-01,-2.9263000E+00
-5.5300000E-01,-3.2272000E+00
-5.5350000E-01,-2.9999000E+00
-5.5400000E-01,-3.2252000E+00
-5.5450000E-01,-3.0075000E+00
-5.5500000E-01,-3.2127000E+00
-5.5550000E-01,-2.9875000E+00
-5.5600000E-01,-3.2728000E+00
-5.5650000E-01,-3.0491000E+00
-5.5700000E-01,-3.3346000E+00
-5.5750000E-01,-3.1033000E+00
-5.5800000E-01,-3.3810000E+00
-5.5850000E-01,-3.1475000E+00
-5.5900000E-01,-3.3999000E+00
-5.5950000E-01,-3.2251000E+00
-5.6000000E-01,-3.5613000E+00
-5.6050000E-01,-3.3948000E+00
-5.6100000E-01,-3.7248000E+00
-5.6150000E-01,-3.5015000E+00
-5.6200000E-01,-3.8373000E+00
-5.6250000E-01,-3.5192000E+00
-5.6300000E-01,-3.8323000E+00
-5.6350000E-01,-3.6091000E+00
-5.6400000E-01,-3.9999000E+00
-5.6450000E-01,-3.6681000E+00
-5.6500000E-01,-4.0013000E+00
-5.6550000E-01,-3.6224000E+00
-5.6600000E-01,-3.9520000E+00
-5.6650000E-01,-3.6354000E+00
-5.6700000E-01,-3.9878000E+00
-5.6750000E-01,-3.6768000E+00
-5.6800000E-01,-4.0178000E+00
-5.6850000E-01,-3.7541000E+00
-5.6900000E-01,-4.0269000E+00
-5.6950000E-01,-3.7434000E+00
-5.7000000E-01,-4.0190000E+00
-5.7050000E-01,-3.7803000E+00
-5.7100000E-01,-4.1052000E+00
-5.7150000E-01,-3.8946000E+00
-5.7200000E-01,-4.1586000E+00
-5.7250000E-01,-3.8606000E+00
-5.7300000E-01,-4.1447000E+00
-5.7350000E-01,-3.8997000E+00
-5.7400000E-01,-4.1630000E+00
-5.7450000E-01,-3.9185000E+00
-5.7500000E-01,-4.2334000E+00
-5.7550000E-01,-3.9957000E+00
-5.7600000E-01,-4.2500000E+00
-5.7650000E-01,-4.0188000E+00
-5.7700000E-01,-4.3158000E+00
-5.7750000E-01,-4.0841000E+00
-5.7800000E-01,-4.3842000E+00
-5.7850000E-01,-4.1111000E+00
-5.7900000E-01,-4.3877000E+00
-5.7950000E-01,-4.1490000E+00
-5.8000000E-01,-4.5222000E+00
-5.8050000E-01,-4.3242000E+00
-5.8100000E-01,-4.6619000E+00
-5.8150000E-01,-4.4421000E+00
-5.8200000E-01,-4.8182000E+00
-5.8250000E-01,-4.5484000E+00
-5.8300000E-01,-4.9681000E+00
-5.8350000E-01,-4.7250000E+00
-5.8400000E-01,-5.0532000E+00
-5.8450000E-01,-4.6944000E+00
-5.8500000E-01,-5.1221000E+00
-5.8550000E-01,-4.7662000E+00
-5.8600000E-01,-5.0640000E+00
-5.8650000E-01,-4.8161000E+00
-5.8700000E-01,-5.2079000E+00
-5.8750000E-01,-4.9250000E+00
-5.8800000E-01,-5.2177000E+00
-5.8850000E-01,-4.9156000E+00
-5.8900000E-01,-5.2320000E+00
-5.8950000E-01,-5.0124000E+00
-5.9000000E-01,-5.3048000E+00
-5.9050000E-01,-4.9992000E+00
-5.9100000E-01,-5.4058000E+00
-5.9150000E-01,-5.0611000E+00
-5.9200000E-01,-5.3949000E+00
-5.9250000E-01,-5.0790000E+00
-5.9300000E-01,-5.4285000E+00
-5.9350000E-01,-5.2075000E+00
-5.9400000E-01,-5.5627000E+00
-5.9450000E-01,-5.2436000E+00
-5.9500000E-01,-5.5350000E+00
-5.9550000E-01,-5.3549000E+00
-5.9600000E-01,-5.6450000E+00
-5.9650000E-01,-5.3572000E+00
-5.9700000E-01,-5.6888000E+00
-5.9750000E-01,-5.5075000E+00
-5.9800000E-01,-5.7615000E+00
-5.9850000E-01,-5.4628000E+00
-5.9900000E-01,-5.8853000E+00
-5.9950000E-01,-5.5756000E+00
-6.0000000E-01,-5.8970000E+00
-6.0050000E-01,-5.6458000E+00
-6.0100000E-01,-5.9983000E+00
-6.0150000E-01,-5.7672000E+00
-6.0200000E-01,-6.2207000E+00
-6.0250000E-01,-6.0206000E+00
-6.0300000E-01,-6.2951000E+00
-6.0350000E-01,-6.1207000E+00
-6.0400000E-01,-6.4667000E+00
-6.0450000E-01,-6.2956000E+00
-6.0500000E-01,-6.5900000E+00
-6.0550000E-01,-6.2816000E+00
-6.0600000E-01,-6.7324000E+00
-6.0650000E-01,-6.4581000E+00
-6.0700000E-01,-6.7590000E+00
-6.0750000E-01,-6.4748000E+00
-6.0800000E-01,-6.8668000E+00
-6.0850000E-01,-6.5765000E+00
-6.0900000E-01,-6.8775000E+00
-6.0950000E-01,-6.6092000E+00
-6.1000000E-01,-6.9555000E+00
-6.1050000E-01,-6.7277000E+00
-6.1100000E-01,-7.0076000E+00
-6.1150000E-01,-6.8143000E+00
-6.1200000E-01,-7.1268000E+00
-6.1250000E-01,-6.7805000E+00
-6.1300000E-01,-7.2152000E+00
-6.1350000E-01,-6.9205000E+00
-6.1400000E-01,-7.2780000E+00
-6.1450000E-01,-6.9784000E+00
-6.1500000E-01,-7.3523000E+00
-6.1550000E-01,-7.0185000E+00
-6.1600000E-01,-7.4979000E+00
-6.1650000E-01,-7.1519000E+00
-6.1700000E-01,-7.5601000E+00
-6.1750000E-01,-7.2097000E+00
-6.1800000E-01,-7.5477000E+00
-6.1850000E-01,-7.3112000E+00
-6.1900000E-01,-7.6916000E+00
-6.1950000E-01,-7.4419000E+00
-6.2000000E-01,-7.8014000E+00
-6.2050000E-01,-7.4970000E+00
-6.2100000E-01,-7.8460000E+00
-6.2150000E-01,-7.6518000E+00
-6.2200000E-01,-8.0322000E+00
-6.2250000E-01,-7.7273000E+00
-6.2300000E-01,-8.1862000E+00
-6.2350000E-01,-7.9756000E+00
-6.2400000E-01,-8.3910000E+00
-6.2450000E-01,-8.1078000E+00
-6.2500000E-01,-8.5861000E+00
-6.2550000E-01,-8.2955000E+00
-6.2600000E-01,-8.7094000E+00
-6.2650000E-01,-8.4127000E+00
-6.2700000E-01,-8.8366000E+00
-6.2750000E-01,-8.5733000E+00
-6.2800000E-01,-8.8620000E+00
-6.2850000E-01,-8.6749000E+00
-6.2900000E-01,-9.0202000E+00
-6.2950000E-01,-8.6927000E+00
-6.3000000E-01,-9.1627000E+00
-6.3050000E-01,-8.8035000E+00
-6.3100000E-01,-9.1960000E+00
-6.3150000E-01,-8.9334000E+00
-6.3200000E-01,-9.2329000E+00
-6.3250000E-01,-9.0553000E+00
-6.3300000E-01,-9.3083000E+00
-6.3350000E-01,-9.0514000E+00
-6.3400000E-01,-9.5099000E+00
-6.3450000E-01,-9.1523000E+00
-6.3500000E-01,-9.6106000E+00
-6.3550000E-01,-9.2195000E+00
-6.3600000E-01,-9.6913000E+00
-6.3650000E-01,-9.3948000E+00
-6.3700000E-01,-9.7385000E+00
-6.3750000E-01,-9.5521000E+00
-6.3800000E-01,-9.8461000E+00
-6.3850000E-01,-9.5652000E+00
-6.3900000E-01,-1.0007400E+01
-6.3950000E-01,-9.6396000E+00
-6.4000000E-01,-1.0108800E+01
-6.4050000E-01,-9.7965000E+00
-6.4100000E-01,-1.0191900E+01
-6.4150000E-01,-9.9510000E+00
-6.4200000E-01,-1.0287000E+01
-6.4250000E-01,-1.0086800E+01
-6.4300000E-01,-1.0401100E+01
-6.4350000E-01,-1.0241000E+01
-6.4400000E-01,-1.0642400E+01
-6.4450000E-01,-1.0447600E+01
-6.4500000E-01,-1.0829900E+01
-6.4550000E-01,-1.0622500E+01
-6.4600000E-01,-1.1079500E+01
-6.4650000E-01,-1.0787700E+01
-6.4700000E-01,-1.1243400E+01
-6.4750000E-01,-1.0941200E+01
-6.4800000E-01,-1.1320900E+01
-6.4850000E-01,-1.1071800E+01
-6.4900000E-01,-1.1454700E+01
-6.4950000E-01,-1.1206800E+01
-6.5000000E-01,-1.1577200E+01
-6.5050000E-01,-1.1286600E+01
-6.5100000E-01,-1.1650000E+01
-6.5150000E-01,-1.1430800E+01
-6.5200000E-01,-1.1808000E+01
-6.5250000E-01,-1.1457900E+01
-6.5300000E-01,-1.1920000E+01
-6.5350000E-01,-1.1586400E+01
-6.5400000E-01,-1.2111700E+01
-6.5450000E-01,-1.1704300E+01
-6.5500000E-01,-1.2203300E+01
-6.5550000E-01,-1.1823300E+01
-6.5600000E-01,-1.2296700E+01
-6.5650000E-01,-1.1954300E+01
-6.5700000E-01,-1.2437900E+01
-6.5750000E-01,-1.2090500E+01
-6.5800000E-01,-1.2567400E+01
-6.5850000E-01,-1.2210700E+01
-6.5900000E-01,-1.2703400E+01
-6.5950000E-01,-1.2380600E+01
-6.6000000E-01,-1.2787400E+01
-6.6050000E-01,-1.2555100E+01
-6.6100000E-01,-1.2928400E+01
-6.6150000E-01,-1.2719200E+01
-6.6200000E-01,-1.3112100E+01
-6.6250000E-01,-1.2826000E+01
-6.6300000E-01,-1.3257000E+01
-6.6350000E-01,-1.2949000E+01
-6.6400000E-01,-1.3381700E+01
-6.6450000E-01,-1.3127300E+01
-6.6500000E-01,-1.3621500E+01
-6.6550000E-01,-1.3418700E+01
-6.6600000E-01,-1.3912300E+01
-6.6650000E-01,-1.3633100E+01
-6.6700000E-01,-1.4125000E+01
-6.6750000E-01,-1.3858800E+01
-6.6800000E-01,-1.4315900E+01
-6.6850000E-01,-1.4121400E+01
-6.6900000E-01,-1.4555800E+01
-6.6950000E-01,-1.4280400E+01
-6.7000000E-01,-1.4759800E+01
-6.7050000E-01,-1.4408800E+01
-6.7100000E-01,-1.4963500E+01
-6.7150000E-01,-1.4574300E+01
-6.7200000E-01,-1.5054200E+01
-6.7250000E-01,-1.4779300E+01
-6.7300000E-01,-1.5246900E+01
-6.7350000E-01,-1.4902700E+01
-6.7400000E-01,-1.5454600E+01
-6.7450000E-01,-1.5003400E+01
-6.7500000E-01,-1.5641200E+01
-6.7550000E-01,-1.5137900E+01
-6.7600000E-01,-1.5738800E+01
-6.7650000E-01,-1.5333000E+01
-6.7700000E-01,-1.5863100E+01
-6.7750000E-01,-1.5491800E+01
-6.7800000E-01,-1.6005500E+01
-6.7850000E-01,-1.5666800E+01
-6.7900000E-01,-1.6150400E+01
-6.7950000E-01,-1.5774500E+01
-6.8000000E-01,-1.6339100E+01
-6.8050000E-01,-1.5891900E+01
-6.8100000E-01,-1.6572600E+01
-6.8150000E-01,-1.6148400E+01
-6.8200000E-01,-1.6642000E+01
-6.8250000E-01,-1.6261200E+01
-6.8300000E-01,-1.6696800E+01
-6.8350000E-01,-1.6375700E+01
-6.8400000E-01,-1.6891400E+01
-6.8450000E-01,-1.6439400E+01
-6.8500000E-01,-1.7042000E+01
-6.8550000E-01,-1.6569800E+01
-6.8600000E-01,-1.7310300E+01
-6.8650000E-01,-1.6894000E+01
-6.8700000E-01,-1.7395300E+01
-6.8750000E-01,-1.7044400E+01
-6.8800000E-01,-1.7575100E+01
-6.8850000E-01,-1.7222800E+01
-6.8900000E-01,-1.7764400E+01
-6.8950000E-01,-1.7373600E+01
-6.9000000E-01,-1.7848200E+01
-6.9050000E-01,-1.7508800E+01
-6.9100000E-01,-1.7944500E+01
-6.9150000E-01,-1.7520100E+01
-6.9200000E-01,-1.8084600E+01
-6.9250000E-01,-1.7548600E+01
-6.9300000E-01,-1.8114000E+01
-6.9350000E-01,-1.7676200E+01
-6.9400000E-01,-1.8126800E+01
-6.9450000E-01,-1.7773700E+01
-6.9500000E-01,-1.8120700E+01
-6.9550000E-01,-1.7673300E+01
-6.9600000E-01,-1.8247800E+01
-6.9650000E-01,-1.7686100E+01
-6.9700000E-01,-1.8247200E+01
-6.9750000E-01,-1.7719700E+01
-6.9800000E-01,-1.8152300E+01
-6.9850000E-01,-1.7818400E+01
-6.9900000E-01,-1.8147200E+01
-6.9950000E-01,-1.7718300E+01
-7.0000000E-01,-1.8158000E+01
-7.0050000E-01,-1.7701700E+01
-7.0100000E-01,-1.8145800E+01
-7.0150000E-01,-1.7674500E+01
-7.0200000E-01,-1.8046700E+01
-7.0250000E-01,-1.7617600E+01
-7.0300000E-01,-1.8005500E+01
-7.0350000E-01,-1.7521900E+01
-7.0400000E-01,-1.7960400E+01
-7.0450000E-01,-1.7473200E+01
-7.0500000E-01,-1.7908900E+01
-7.0550000E-01,-1.7397800E+01
-7.0600000E-01,-1.7860500E+01
-7.0650000E-01,-1.7325900E+01
-7.0700000E-01,-1.7872100E+01
-7.0750000E-01,-1.7370900E+01
-7.0800000E-01,-1.7856000E+01
-7.0850000E-01,-1.7473800E+01
-7.0900000E-01,-1.7808100E+01
-7.0950000E-01,-1.7442500E+01
-7.1000000E-01,-1.7840700E+01
-7.1050000E-01,-1.7390500E+01
-7.1100000E-01,-1.7810200E+01
-7.1150000E-01,-1.7240500E+01
-7.1200000E-01,-1.7656400E+01
-7.1250000E-01,-1.7148700E+01
-7.1300000E-01,-1.7575300E+01
-7.1350000E-01,-1.7072800E+01
-7.1400000E-01,-1.7422900E+01
-7.1450000E-01,-1.7028700E+01
-7.1500000E-01,-1.7355000E+01
-7.1550000E-01,-1.6865700E+01
-7.1600000E-01,-1.7286500E+01
-7.1650000E-01,-1.6689600E+01
-7.1700000E-01,-1.7123800E+01
-7.1750000E-01,-1.6580100E+01
-7.1800000E-01,-1.7019700E+01
-7.1850000E-01,-1.6477000E+01
-7.1900000E-01,-1.6801100E+01
-7.1950000E-01,-1.6316300E+01
-7.2000000E-01,-1.6762500E+01
-7.2050000E-01,-1.6337600E+01
-7.2100000E-01,-1.6651900E+01
-7.2150000E-01,-1.6105500E+01
-7.2200000E-01,-1.6550100E+01
-7.2250000E-01,-1.6026800E+01
-7.2300000E-01,-1.6360200E+01
-7.2350000E-01,-1.5911900E+01
-7.2400000E-01,-1.6273000E+01
-7.2450000E-01,-1.5835500E+01
-7.2500000E-01,-1.6257000E+01
-7.2550000E-01,-1.5671400E+01
-7.2600000E-01,-1.6105700E+01
-7.2650000E-01,-1.5659200E+01
-7.2700000E-01,-1.5970000E+01
-7.2750000E-01,-1.5546200E+01
-7.2800000E-01,-1.5904100E+01
-7.2850000E-01,-1.5486200E+01
-7.2900000E-01,-1.5988900E+01
-7.2950000E-01,-1.5440000E+01
-7.3000000E-01,-1.5942000E+01
-7.3050000E-01,-1.5490900E+01
-7.3100000E-01,-1.5909300E+01
-7.3150000E-01,-1.5352700E+01
-7.3200000E-01,-1.5872500E+01
-7.3250000E-01,-1.5318900E+01
-7.3300000E-01,-1.5712000E+01
-7.3350000E-01,-1.5357600E+01
-7.3400000E-01,-1.5615900E+01
-7.3450000E-01,-1.5135300E+01
-7.3500000E-01,-1.5610500E+01
-7.3550000E-01,-1.5041200E+01
-7.3600000E-01,-1.5514400E+01
-7.3650000E-01,-1.4968500E+01
-7.3700000E-01,-1.5350000E+01
-7.3750000E-01,-1.4887300E+01
-7.3800000E-01,-1.5205300E+01
-7.3850000E-01,-1.4798600E+01
-7.3900000E-01,-1.5092000E+01
-7.3950000E-01,-1.4678300E+01
-7.4000000E-01,-1.5047000E+01
-7.4050000E-01,-1.4613900E+01
-7.4100000E-01,-1.4915600E+01
-7.4150000E-01,-1.4511800E+01
-7.4200000E-01,-1.4902700E+01
-7.4250000E-01,-1.4323600E+01
-7.4300000E-01,-1.4751500E+01
-7.4350000E-01,-1.4309300E+01
-7.4400000E-01,-1.4626400E+01
-7.4450000E-01,-1.4157400E+01
-7.4500000E-01,-1.4602100E+01
-7.4550000E-01,-1.4028500E+01
-7.4600000E-01,-1.4445500E+01
-7.4650000E-01,-1.3909600E+01
-7.4700000E-01,-1.4309700E+01
-7.4750000E-01,-1.3895000E+01
-7.4800000E-01,-1.4220200E+01
-7.4850000E-01,-1.3881600E+01
-7.4900000E-01,-1.4233600E+01
-7.4950000E-01,-1.3761600E+01
-7.5000000E-01,-1.4294200E+01
-7.5050000E-01,-1.3827300E+01
-7.5100000E-01,-1.4208400E+01
-7.5150000E-01,-1.3937800E+01
-7.5200000E-01,-1.4160600E+01
-7.5250000E-01,-1.3872800E+01
-7.5300000E-01,-1.4232200E+01
-7.5350000E-01,-1.3588500E+01
-7.5400000E-01,-1.4091500E+01
-7.5450000E-01,-1.3775600E+01
-7.5500000E-01,-1.3906500E+01
-7.5550000E-01,-1.3609800E+01
-7.5600000E-01,-1.3999700E+01
-7.5650000E-01,-1.3362600E+01
-7.5700000E-01,-1.3849000E+01
-7.5750000E-01,-1.3410500E+01
-7.5800000E-01,-1.3567800E+01
-7.5850000E-01,-1.3311000E+01
-7.5900000E-01,-1.3632800E+01
-7.5950000E-01,-1.3077900E+01
-7.6000000E-01,-1.3575400E+01
-7.6050000E-01,-1.3091100E+01
-7.6100000E-01,-1.3296100E+01
-7.6150000E-01,-1.3114400E+01
-7.6200000E-01,-1.3204400E+01
-7.6250000E-01,-1.2867900E+01
-7.6300000E-01,-1.3267200E+01
-7.6350000E-01,-1.2765900E+01
-7.6400000E-01,-1.3114900E+01
-7.6450000E-01,-1.2816700E+01
-7.6500000E-01,-1.3024600E+01
-7.6550000E-01,-1.2608000E+01
-7.6600000E-01,-1.2943600E+01
-7.6650000E-01,-1.2437400E+01
-7.6700000E-01,-1.2788700E+01
-7.6750000E-01,-1.2529400E+01
-7.6800000E-01,-1.2659100E+01
-7.6850000E-01,-1.2313400E+01
-7.6900000E-01,-1.2724000E+01
-7.6950000E-01,-1.2147100E+01
-7.7000000E-01,-1.2646800E+01
-7.7050000E-01,-1.2311000E+01
-7.7100000E-01,-1.2499000E+01
-7.7150000E-01,-1.2449600E+01
-7.7200000E-01,-1.2679400E+01
-7.7250000E-01,-1.2338400E+01
-7.7300000E-01,-1.2725800E+01
-7.7350000E-01,-1.2239200E+01
-7.7400000E-01,-1.2558800E+01
-7.7450000E-01,-1.2263800E+01
-7.7500000E-01,-1.2498600E+01
-7.7550000E-01,-1.2159500E+01
-7.7600000E-01,-1.2494200E+01
-7.7650000E-01,-1.2121100E+01
-7.7700000E-01,-1.2358800E+01
-7.7750000E-01,-1.2071100E+01
-7.7800000E-01,-1.2279000E+01
-7.7850000E-01,-1.1996400E+01
-7.7900000E-01,-1.2308600E+01
-7.7950000E-01,-1.1862100E+01
-7.8000000E-01,-1.2133000E+01
-7.8050000E-01,-1.1846200E+01
-7.8100000E-01,-1.1997100E+01
-7.8150000E-01,-1.1738700E+01
-7.8200000E-01,-1.2024100E+01
-7.8250000E-01,-1.1619000E+01
-7.8300000E-01,-1.1977200E+01
-7.8350000E-01,-1.1626200E+01
-7.8400000E-01,-1.1758900E+01
-7.8450000E-01,-1.1543900E+01
-7.8500000E-01,-1.1742300E+01
-7.8550000E-01,-1.1308600E+01
-7.8600000E-01,-1.1682500E+01
-7.8650000E-01,-1.1340900E+01
-7.8700000E-01,-1.1581900E+01
-7.8750000E-01,-1.1292200E+01
-7.8800000E-01,-1.1534200E+01
-7.8850000E-01,-1.1240900E+01
-7.8900000E-01,-1.1497200E+01
-7.8950000E-01,-1.1155000E+01
-7.9000000E-01,-1.1418300E+01
-7.9050000E-01,-1.1135800E+01
-7.9100000E-01,-1.1409500E+01
-7.9150000E-01,-1.1198100E+01
-7.9200000E-01,-1.1433700E+01
-7.9250000E-01,-1.1292000E+01
-7.9300000E-01,-1.1487400E+01
-7.9350000E-01,-1.1300500E+01
-7.9400000E-01,-1.1597100E+01
-7.9450000E-01,-1.1276100E+01
-7.9500000E-01,-1.1616200E+01
-7.9550000E-01,-1.1286000E+01
-7.9600000E-01,-1.1467900E+01
-7.9650000E-01,-1.1223500E+01
-7.9700000E-01,-1.1399600E+01
-7.9750000E-01,-1.1159400E+01
-7.9800000E-01,-1.1440000E+01
-7.9850000E-01,-1.1206300E+01
-7.9900000E-01,-1.1383000E+01
-7.9950000E-01,-1.1209400E+01
-8.0000000E-01,-1.1352900E+01
-8.0050000E-01,-1.1081200E+01
-8.0100000E-01,-1.1297800E+01
-8.0150000E-01,-1.1093200E+01
-8.0200000E-01,-1.1226300E+01
-8.0250000E-01,-1.1114200E+01
-8.0300000E-01,-1.1209900E+01
-8.0350000E-01,-1.1010000E+01
-8.0400000E-01,-1.1219100E+01
-8.0450000E-01,-1.0928300E+01
-8.0500000E-01,-1.1181300E+01
-8.0550000E-01,-1.0940000E+01
-8.0600000E-01,-1.1153300E+01
-8.0650000E-01,-1.0985200E+01
-8.0700000E-01,-1.1169400E+01
-8.0750000E-01,-1.0949300E+01
-8.0800000E-01,-1.1211400E+01
-8.0850000E-01,-1.0997300E+01
-8.0900000E-01,-1.1075500E+01
-8.0950000E-01,-1.0973400E+01
-8.1000000E-01,-1.1093900E+01
-8.1050000E-01,-1.0896700E+01
-8.1100000E-01,-1.1151700E+01
-8.1150000E-01,-1.0951800E+01
-8.1200000E-01,-1.1142200E+01
-8.1250000E-01,-1.1123900E+01
-8.1300000E-01,-1.1252300E+01
-8.1350000E-01,-1.1232400E+01
-8.1400000E-01,-1.1420700E+01
-8.1450000E-01,-1.1374200E+01
-8.1500000E-01,-1.1461900E+01
-8.1550000E-01,-1.1348900E+01
-8.1600000E-01,-1.1534100E+01
-8.1650000E-01,-1.1362000E+01
-8.1700000E-01,-1.1541900E+01
-8.1750000E-01,-1.1456800E+01
-8.1800000E-01,-1.1591500E+01
-8.1850000E-01,-1.1448900E+01
-8.1900000E-01,-1.1619700E+01
-8.1950000E-01,-1.1532300E+01
-8.2000000E-01,-1.1586400E+01
-8.2050000E-01,-1.1485700E+01
-8.2100000E-01,-1.1641800E+01
-8.2150000E-01,-1.1560800E+01
-8.2200000E-01,-1.1688700E+01
-8.2250000E-01,-1.1585000E+01
-8.2300000E-01,-1.1672500E+01
-8.2350000E-01,-1.1654700E+01
-8.2400000E-01,-1.1700300E+01
-8.2450000E-01,-1.1634800E+01
-8.2500000E-01,-1.1776100E+01
-8.2550000E-01,-1.1660300E+01
-8.2600000E-01,-1.1819000E+01
-8.2650000E-01,-1.1762300E+01
-8.2700000E-01,-1.1789700E+01
-8.2750000E-01,-1.1800200E+01
-8.2800000E-01,-1.1889200E+01
-8.2850000E-01,-1.1813000E+01
-8.2900000E-01,-1.1931500E+01
-8.2950000E-01,-1.1913600E+01
-8.3000000E-01,-1.1956400E+01
-8.3050000E-01,-1.1905400E+01
-8.3100000E-01,-1.2026900E+01
-8.3150000E-01,-1.1952800E+01
-8.3200000E-01,-1.2007800E+01
-8.3250000E-01,-1.2065300E+01
-8.3300000E-01,-1.2202000E+01
-8.3350000E-01,-1.2172500E+01
-8.3400000E-01,-1.2350500E+01
-8.3450000E-01,-1.2411100E+01
-8.3500000E-01,-1.2516500E+01
-8.3550000E-01,-1.2566100E+01
-8.3600000E-01,-1.2645400E+01
-8.3650000E-01,-1.2635300E+01
-8.3700000E-01,-1.2744800E+01
-8.3750000E-01,-1.2779100E+01
-8.3800000E-01,-1.2800300E+01
-8.3850000E-01,-1.2852700E+01
-8.3900000E-01,-1.2908000E+01
-8.3950000E-01,-1.2894600E+01
-8.4000000E-01,-1.2973400E+01
-8.4050000E-01,-1.3033300E+01
-8.4100000E-01,-1.3076900E+01
-8.4150000E-01,-1.3122600E+01
-8.4200000E-01,-1.3123500E+01
-8.4250000E-01,-1.3154300E+01
-8.4300000E-01,-1.3221100E+01
-8.4350000E-01,-1.3240300E+01
-8.4400000E-01,-1.3236200E+01
-8.4450000E-01,-1.3340900E+01
-8.4500000E-01,-1.3408400E+01
-8.4550000E-01,-1.3497400E+01
-8.4600000E-01,-1.3476500E+01
-8.4650000E-01,-1.3524000E+01
-8.4700000E-01,-1.3521900E+01
-8.4750000E-01,-1.3642100E+01
-8.4800000E-01,-1.3602000E+01
-8.4850000E-01,-1.3677800E+01
-8.4900000E-01,-1.3759100E+01
-8.4950000E-01,-1.3793700E+01
-8.5000000E-01,-1.3867300E+01
-8.5050000E-01,-1.3943100E+01
-8.5100000E-01,-1.3877100E+01
-8.5150000E-01,-1.4070900E+01
-8.5200000E-01,-1.3962900E+01
-8.5250000E-01,-1.4140000E+01
-8.5300000E-01,-1.4147900E+01
-8.5350000E-01,-1.4224200E+01
-8.5400000E-01,-1.4303100E+01
-8.5450000E-01,-1.4567200E+01
-8.5500000E-01,-1.4545800E+01
-8.5550000E-01,-1.4685900E+01
-8.5600000E-01,-1.4816800E+01
-8.5650000E-01,-1.4978900E+01
-8.5700000E-01,-1.4960400E+01
-8.5750000E-01,-1.5195000E+01
-8.5800000E-01,-1.5164100E+01
-8.5850000E-01,-1.5284800E+01
-8.5900000E-01,-1.5349900E+01
-8.5950000E-01,-1.5498200E+01
-8.6000000E-01,-1.5461600E+01
-8.6050000E-01,-1.5654900E+01
-8.6100000E-01,-1.5646800E+01
-8.6150000E-01,-1.5770500E+01
-8.6200000E-01,-1.5712800E+01
-8.6250000E-01,-1.5944400E+01
-8.6300000E-01,-1.5919800E+01
-8.6350000E-01,-1.6086400E+01
-8.6400000E-01,-1.6037900E+01
-8.6450000E-01,-1.6232200E+01
-8.6500000E-01,-1.6212100E+01
-8.6550000E-01,-1.6402700E+01
-8.6600000E-01,-1.6327200E+01
-8.6650000E-01,-1.6548400E+01
-8.6700000E-01,-1.6507500E+01
-8.6750000E-01,-1.6704300E+01
-8.6800000E-01,-1.6687800E+01
-8.6850000E-01,-1.6909100E+01
-8.6900000E-01,-1.6838200E+01
-8.6950000E-01,-1.7129700E+01
-8.7000000E-01,-1.7055600E+01
-8.7050000E-01,-1.7237200E+01
-8.7100000E-01,-1.7185300E+01
-8.7150000E-01,-1.7425400E+01
-8.7200000E-01,-1.7373400E+01
-8.7250000E-01,-1.7662200E+01
-8.7300000E-01,-1.7608200E+01
-8.7350000E-01,-1.7851800E+01
-8.7400000E-01,-1.7738400E+01
-8.7450000E-01,-1.8133500E+01
-8.7500000E-01,-1.7966200E+01
-8.7550000E-01,-1.8381000E+01
-8.7600000E-01,-1.8349800E+01
-8.7650000E-01,-1.8725700E+01
-8.7700000E-01,-1.8720400E+01
-8.7750000E-01,-1.9043100E+01
-8.7800000E-01,-1.8942100E+01
-8.7850000E-01,-1.9329700E+01
-8.7900000E-01,-1.9178100E+01
-8.7950000E-01,-1.9530700E+01
-8.8000000E-01,-1.9467200E+01
-8.8050000E-01,-1.9908100E+01
-8.8100000E-01,-1.9707400E+01
-8.8150000E-01,-2.0030200E+01
-8.8200000E-01,-1.9932300E+01
-8.8250000E-01,-2.0315600E+01
-8.8300000E-01,-2.0112100E+01
-8.8350000E-01,-2.0510400E+01
-8.8400000E-01,-2.0360900E+01
-8.8450000E-01,-2.0724000E+01
-8.8500000E-01,-2.0676900E+01
-8.8550000E-01,-2.1111600E+01
-8.8600000E-01,-2.0854400E+01
-8.8650000E-01,-2.1236600E+01
-8.8700000E-01,-2.1142000E+01
-8.8750000E-01,-2.1587000E+01
-8.8800000E-01,-2.1391900E+01
-8.8850000E-01,-2.1838200E+01
-8.8900000E-01,-2.1695900E+01
-8.8950000E-01,-2.2056800E+01
-8.9000000E-01,-2.1966700E+01
-8.9050000E-01,-2.2380100E+01
-8.9100000E-01,-2.2134900E+01
-8.9150000E-01,-2.2602100E+01
-8.9200000E-01,-2.2541500E+01
-8.9250000E-01,-2.2853800E+01
-8.9300000E-01,-2.2731000E+01
-8.9350000E-01,-2.3151100E+01
-8.9400000E-01,-2.3041700E+01
-8.9450000E-01,-2.3469500E+01
-8.9500000E-01,-2.3289600E+01
-8.9550000E-01,-2.3694000E+01
-8.9600000E-01,-2.3598000E+01
-8.9650000E-01,-2.4182500E+01
-8.9700000E-01,-2.4165400E+01
-8.9750000E-01,-2.4563000E+01
-8.9800000E-01,-2.4410400E+01
-8.9850000E-01,-2.4887300E+01
-8.9900000E-01,-2.4840700E+01
-8.9950000E-01,-2.5314100E+01
-9.0000000E-01,-2.5268500E+01
-9.0050000E-01,-2.5685500E+01
-9.0100000E-01,-2.5494700E+01
-9.0150000E-01,-2.5931000E+01
-9.0200000E-01,-2.5869900E+01
-9.0250000E-01,-2.6281700E+01
-9.0300000E-01,-2.6140400E+01
-9.0350000E-01,-2.6625500E+01
-9.0400000E-01,-2.6527600E+01
-9.0450000E-01,-2.6976200E+01
-9.0500000E-01,-2.6781300E+01
-9.0550000E-01,-2.7273500E+01
-9.0600000E-01,-2.7112000E+01
-9.0650000E-01,-2.7603800E+01
-9.0700000E-01,-2.7528200E+01
-9.0750000E-01,-2.8033800E+01
-9.0800000E-01,-2.7850700E+01
-9.0850000E-01,-2.8379100E+01
-9.0900000E-01,-2.8239100E+01
-9.0950000E-01,-2.8654000E+01
-9.1000000E-01,-2.8496000E+01
-9.1050000E-01,-2.8957900E+01
-9.1100000E-01,-2.8837700E+01
-9.1150000E-01,-2.9376500E+01
-9.1200000E-01,-2.9235700E+01
-9.1250000E-01,-2.9791600E+01
-9.1300000E-01,-2.9534000E+01
-9.1350000E-01,-3.0001800E+01
-9.1400000E-01,-2.9945200E+01
-9.1450000E-01,-3.0419800E+01
-9.1500000E-01,-3.0310500E+01
-9.1550000E-01,-3.0783700E+01
-9.1600000E-01,-3.0681200E+01
-9.1650000E-01,-3.1150800E+01
-9.1700000E-01,-3.1065600E+01
-9.1750000E-01,-3.1641600E+01
-9.1800000E-01,-3.1559000E+01
-9.1850000E-01,-3.2131000E+01
-9.1900000E-01,-3.2076900E+01
-9.1950000E-01,-3.2625200E+01
-9.2000000E-01,-3.2473700E+01
-9.2050000E-01,-3.3040400E+01
-9.2100000E-01,-3.2940000E+01
-9.2150000E-01,-3.3538000E+01
-9.2200000E-01,-3.3331000E+01
-9.2250000E-01,-3.3919300E+01
-9.2300000E-01,-3.3767200E+01
-9.2350000E-01,-3.4275800E+01
-9.2400000E-01,-3.4158500E+01
-9.2450000E-01,-3.4682200E+01
-9.2500000E-01,-3.4466400E+01
-9.2550000E-01,-3.5057500E+01
-9.2600000E-01,-3.4851400E+01
-9.2650000E-01,-3.5532100E+01
-9.2700000E-01,-3.5271500E+01
-9.2750000E-01,-3.5870000E+01
-9.2800000E-01,-3.5710800E+01
-9.2850000E-01,-3.6251700E+01
-9.2900000E-01,-3.6113300E+01
-9.2950000E-01,-3.6703500E+01
-9.3000000E-01,-3.6470700E+01
-9.3050000E-01,-3.7045600E+01
-9.3100000E-01,-3.6934300E+01
-9.3150000E-01,-3.7475600E+01
-9.3200000E-01,-3.7310200E+01
-9.3250000E-01,-3.7914000E+01
-9.3300000E-01,-3.7776200E+01
-9.3350000E-01,-3.8380400E+01
-9.3400000E-01,-3.8155700E+01
-9.3450000E-01,-3.8774900E+01
-9.3500000E-01,-3.8569700E+01
-9.3550000E-01,-3.9136700E+01
-9.3600000E-01,-3.8954800E+01
-9.3650000E-01,-3.9551500E+01
-9.3700000E-01,-3.9442000E+01
-9.3750000E-01,-4.0018200E+01
-9.3800000E-01,-3.9814200E+01
-9.3850000E-01,-4.0525100E+01
-9.3900000E-01,-4.0490100E+01
-9.3950000E-01,-4.1140700E+01
-9.4000000E-01,-4.0943700E+01
-9.4050000E-01,-4.1676500E+01
-9.4100000E-01,-4.1505700E+01
-9.4150000E-01,-4.2035300E+01
-9.4200000E-01,-4.1958200E+01
-9.4250000E-01,-4.2566900E+01
-9.4300000E-01,-4.2427700E+01
-9.4350000E-01,-4.3052600E+01
-9.4400000E-01,-4.2845300E+01
-9.4450000E-01,-4.3558600E+01
-9.4500000E-01,-4.3318200E+01
-9.4550000E-01,-4.3962200E+01
-9.4600000E-01,-4.3763800E+01
-9.4650000E-01,-4.4373000E+01
-9.4700000E-01,-4.4196000E+01
-9.4750000E-01,-4.4874500E+01
-9.4800000E-01,-4.4761300E+01
-9.4850000E-01,-4.5329000E+01
-9.4900000E-01,-4.5106800E+01
-9.4950000E-01,-4.5712600E+01
-9.5000000E-01,-4.5588900E+01
-9.5050000E-01,-4.6226800E+01
-9.5100000E-01,-4.6048400E+01
-9.5150000E-01,-4.6686600E+01
-9.5200000E-01,-4.6478500E+01
-9.5250000E-01,-4.7087500E+01
-9.5300000E-01,-4.6909100E+01
-9.5350000E-01,-4.7567500E+01
-9.5400000E-01,-4.7399500E+01
-9.5450000E-01,-4.8057500E+01
-9.5500000E-01,-4.7862500E+01
-9.5550000E-01,-4.8574400E+01
-9.5600000E-01,-4.8305100E+01
-9.5650000E-01,-4.8976000E+01
-9.5700000E-01,-4.8789500E+01
-9.5750000E-01,-4.9475800E+01
-9.5800000E-01,-4.9245900E+01
-9.5850000E-01,-4.9976500E+01
-9.5900000E-01,-4.9868000E+01
-9.5950000E-01,-5.0568100E+01
-9.6000000E-01,-5.0288800E+01
-9.6050000E-01,-5.1156300E+01
-9.6100000E-01,-5.0963200E+01
-9.6150000E-01,-5.1652300E+01
-9.6200000E-01,-5.1439500E+01
-9.6250000E-01,-5.2289600E+01
-9.6300000E-01,-5.2064100E+01
-9.6350000E-01,-5.2708100E+01
-9.6400000E-01,-5.2538100E+01
-9.6450000E-01,-5.3210400E+01
-9.6500000E-01,-5.2994100E+01
-9.6550000E-01,-5.3681900E+01
-9.6600000E-01,-5.3533600E+01
-9.6650000E-01,-5.4271000E+01
-9.6700000E-01,-5.4036900E+01
-9.6750000E-01,-5.4726600E+01
-9.6800000E-01,-5.4539600E+01
-9.6850000E-01,-5.5261300E+01
-9.6900000E-01,-5.4992400E+01
-9.6950000E-01,-5.5719600E+01
-9.7000000E-01,-5.5511300E+01
-9.7050000E-01,-5.6234400E+01
-9.7100000E-01,-5.5956500E+01
-9.7150000E-01,-5.6683200E+01
-9.7200000E-01,-5.6479000E+01
-9.7250000E-01,-5.7204100E+01
-9.7300000E-01,-5.6883200E+01
-9.7350000E-01,-5.7652700E+01
-9.7400000E-01,-5.7412500E+01
-9.7450000E-01,-5.8209000E+01
-9.7500000E-01,-5.7928000E+01
-9.7550000E-01,-5.8708300E+01
-9.7600000E-01,-5.8475400E+01
-9.7650000E-01,-5.9229700E+01
-9.7700000E-01,-5.8940200E+01
-9.7750000E-01,-5.9663100E+01
-9.7800000E-01,-5.9444900E+01
-9.7850000E-01,-6.0148700E+01
-9.7900000E-01,-5.9939800E+01
-9.7950000E-01,-6.0671000E+01
-9.8000000E-01,-6.0524900E+01
-9.8050000E-01,-6.1245100E+01
-9.8100000E-01,-6.1039200E+01
-9.8150000E-01,-6.1879800E+01
-9.8200000E-01,-6.1764800E+01
-9.8250000E-01,-6.2472900E+01
-9.8300000E-01,-6.2345600E+01
-9.8350000E-01,-6.3089800E+01
-9.8400000E-01,-6.2865000E+01
-9.8450000E-01,-6.3591800E+01
-9.8500000E-01,-6.3431800E+01
-9.8550000E-01,-6.4183700E+01
-9.8600000E-01,-6.4011800E+01
-9.8650000E-01,-6.4758900E+01
-9.8700000E-01,-6.4535900E+01
-9.8750000E-01,-6.5230700E+01
-9.8800000E-01,-6.5030300E+01
-9.8850000E-01,-6.5711600E+01
-9.8900000E-01,-6.5569600E+01
-9.8950000E-01,-6.6239200E+01
-9.9000000E-01,-6.6052800E+01
-9.9050000E-01,-6.6781600E+01
-9.9100000E-01,-6.6493400E+01
-9.9150000E-01,-6.7030400E+01
-9.9200000E-01,-6.6662600E+01
-9.9250000E-01,-6.7111900E+01
-9.9300000E-01,-6.6673600E+01
-9.9350000E-01,-6.7130600E+01
-9.9400000E-01,-6.6731400E+01
-9.9450000E-01,-6.7085600E+01
-9.9500000E-01,-6.6640700E+01
-9.9550000E-01,-6.7026500E+01
-9.9600000E-01,-6.6601200E+01
-9.9650000E-01,-6.6948800E+01
-9.9700000E-01,-6.6539500E+01
-9.9750000E-01,-6.6909200E+01
-9.9800000E-01,-6.6528800E+01
-9.9850000E-01,-6.6853800E+01
-9.9900000E-01,-6.6452300E+01
-9.9950000E-01,-6.6914400E+01
-1.0000000E+00,-6.6457000E+01
